County_Code,County_Name,Constituency_Code,Constituency_Name,Ward_Code,Ward_Name,
001,MOMBASA,001,CHANGAMWE,0001,PORT REITZ,
001,MOMBASA,001,CHANGAMWE,0002,KIPEVU,
001,MOMBASA,001,CHANGAMWE,0003,AIRPORT,
001,MOMBASA,001,CHANGAMWE,0004,CHANGAMWE,
001,MOMBASA,001,CHANGAMWE,0005,CHAANI,
001,MOMBASA,002,JOMVU,0006,JOMVU KUU,
001,MOMBASA,002,JOMVU,0007,MIRITINI,
001,MOMBASA,002,JOMVU,0008,MIKINDANI,
001,MOMBASA,003,KISAUNI,0009,MJAMBERE, 
001,MOMBASA,003,KISAUNI,0010,JUNDA,
001,MOMBASA,003,KISAUNI,0011,BAMBURI,
001,MOMBASA,003,KISAUNI,0012,MWAKIRUNGE,
001,MOMBASA,003,KISAUNI,0013,MTOPANGA,
001,MOMBASA,003,KISAUNI,0014,MAGOGONI,
001,MOMBASA,003,KISAUNI,0015,SHANZU,
001,MOMBASA,004,NYALI,0016,FRERE TOWN,
001,MOMBASA,004,NYALI,0017,ZIWA LA NG'OMBE,
001,MOMBASA,004,NYALI,0018,MKOMANI,
001,MOMBASA,004,NYALI,0019,KONGOWEA,
001,MOMBASA,004,NYALI,0020,KADZANDANI,
001,MOMBASA,005,LIKONI,0021,MTONGWE,
001,MOMBASA,005,LIKONI,0022,SHIKA ADABU,
001,MOMBASA,005,LIKONI,0023,BOFU,
001,MOMBASA,005,LIKONI,0024,LIKONI,
001,MOMBASA,005,LIKONI,0025,TIMBWANI,
001,MOMBASA,006,MVITA,0026,MJI WA KALE/MAKADARA,
001,MOMBASA,006,MVITA,0027,TUDOR,
001,MOMBASA,006,MVITA,0028,TONONOKA,
001,MOMBASA,006,MVITA,0029,SHIMANZI/GANJONI,
001,MOMBASA,006,MVITA,0030,MAJENGO,
002,KWALE,007,MSAMBWENI,0031,GOMBATO BONGWE,
002,KWALE,007,MSAMBWENI,0032,UKUNDA,
002,KWALE,007,MSAMBWENI,0033,KINONDO,
002,KWALE,007,MSAMBWENI,0034,RAMISI,
002,KWALE,008,LUNGALUNGA,0035,PONGWE/KIKONENI,
002,KWALE,008,LUNGALUNGA,0036,DZOMBO,
002,KWALE,008,LUNGALUNGA,0037,MWERENI,
002,KWALE,008,LUNGALUNGA,0038,VANGA,
002,KWALE,009,MATUGA,0039,TSIMBA GOLINI,
002,KWALE,009,MATUGA,0040,WAA,
002,KWALE,009,MATUGA,0041,TIWI,
002,KWALE,009,MATUGA,0042,KUBO SOUTH,
002,KWALE,009,MATUGA,0043,MKONGANI,
002,KWALE,010,KINANGO,0044,NDAVAYA,
002,KWALE,010,KINANGO,0045,PUMA,
002,KWALE,010,KINANGO,0046,KINANGO,
002,KWALE,010,KINANGO,0047,MACKINNON ROAD,
002,KWALE,010,KINANGO,0048,CHENGONI/SAMBURU,
002,KWALE,010,KINANGO,0049,MWAVUMBO,
002,KWALE,010,KINANGO,0050,KASEMENI,
003,KILIFI,011,KILIFI NORTH,0051,TEZO,
003,KILIFI,011,KILIFI NORTH,0052,SOKONI,
003,KILIFI,011,KILIFI NORTH,0053,KIBARANI,
003,KILIFI,011,KILIFI NORTH,0054,DABASO,
003,KILIFI,011,KILIFI NORTH,0055,MATSANGONI,
003,KILIFI,011,KILIFI NORTH,0056,WATAMU,
003,KILIFI,011,KILIFI NORTH,0057,MNARANI,
003,KILIFI,012,KILIFI SOUTH,0058,JUNJU,
003,KILIFI,012,KILIFI SOUTH,0059,MWARAKAYA,
003,KILIFI,012,KILIFI SOUTH,0060,SHIMO LA TEWA,
003,KILIFI,012,KILIFI SOUTH,0061,CHASIMBA,
003,KILIFI,012,KILIFI SOUTH,0062,MTEPENI,
003,KILIFI,013,KALOLENI,0063,MARIAKANI,
003,KILIFI,013,KALOLENI,0063,KAYAFUNGO,
003,KILIFI,013,KALOLENI,0065,KALOLENI,
003,KILIFI,013,KALOLENI,0066,MWANAMWINGA,
003,KILIFI,014,RABAI,0067,MWAWESA,
003,KILIFI,014,RABAI,0068,RURUMA,
003,KILIFI,014,RABAI,0069,KAMBE/RIBE,
003,KILIFI,014,RABAI,0070,RABAI/KISURUTINI,
003,KILIFI,015,GANZE,0071,GANZE,
003,KILIFI,015,GANZE,0072,BAMBA,
003,KILIFI,015,GANZE,0073,JARIBUNI,
003,KILIFI,015,GANZE,0074,SOKOKE,
003,KILIFI,016,MALINDI,0075,JILORE,
003,KILIFI,016,MALINDI,0076,KAKUYUNI,
003,KILIFI,016,MALINDI,0077,GANDA,
003,KILIFI,016,MALINDI,0078,MALINDI TOWN,
003,KILIFI,016,MALINDI,0079,SHELLA,
003,KILIFI,017,MAGARINI,0080,MARAFA,
003,KILIFI,017,MAGARINI,0081,MAGARINI,
003,KILIFI,017,MAGARINI,0082,GONGONI,
003,KILIFI,017,MAGARINI,0083,ADU,
003,KILIFI,017,MAGARINI,0084,GARASHI,
003,KILIFI,017,MAGARINI,0085,SABAKI,
004,TANA RIVER,018,GARSEN,0086,KIPINI EAST,
004,TANA RIVER,018,GARSEN,0087,GARSEN SOUTH,
004,TANA RIVER,018,GARSEN,0088,KIPINI WEST,
004,TANA RIVER,018,GARSEN,0089,GARSEN CENTRAL,
004,TANA RIVER,018,GARSEN,0090,GARSEN WEST,
004,TANA RIVER,018,GARSEN,0091,GARSEN NORTH,
004,TANA RIVER,019,GALOLE,0092,KINAKOMBA,
004,TANA RIVER,019,GALOLE,0093,MIKINDUNI,
004,TANA RIVER,019,GALOLE,0094,CHEWANI,
004,TANA RIVER,019,GALOLE,0095,WAYU,
004,TANA RIVER,020,BURA,0096,CHEWELE,
004,TANA RIVER,020,BURA,0097,HIRIMANI,
004,TANA RIVER,020,BURA,0098,BANGALE,
004,TANA RIVER,020,BURA,0099,SALA,
004,TANA RIVER,020,BURA,0100,MADOGO,
005,LAMU,021,LAMU EAST,0101,FAZA,
005,LAMU,021,LAMU EAST,0102,KIUNGA,
005,LAMU,021,LAMU EAST,0103,BASUBA,
005,LAMU,022,LAMU WEST,0104,SHELLA,
005,LAMU,022,LAMU WEST,0105,MKOMANI,
005,LAMU,022,LAMU WEST,0106,HINDI,
005,LAMU,022,LAMU WEST,0107,MKUNUMBI,
005,LAMU,022,LAMU WEST,0108,HONGWE,
005,LAMU,022,LAMU WEST,0109,WITU,
005,LAMU,022,LAMU WEST,0110,BAHARI,
006,TAITA TAVETA,023,TAVETA,0111,CHALA,
006,TAITA TAVETA,023,TAVETA,0112,MAHOO,
006,TAITA TAVETA,023,TAVETA,0113,BOMANI,
006,TAITA TAVETA,023,TAVETA,0114,MBOGHONI,
006,TAITA TAVETA,023,TAVETA,0115,MATA,
006,TAITA TAVETA,024,WUNDANYI,0116,WUNDANYI/MBALE,
006,TAITA TAVETA,024,WUNDANYI,0117,WERUGHA,
006,TAITA TAVETA,024,WUNDANYI,0118,WUMINGU/KISHUSHE,
006,TAITA TAVETA,024,WUNDANYI,0119,MWANDA/MGANGE,
006,TAITA TAVETA,025,MWATATE,0120,RONG'E,
006,TAITA TAVETA,025,MWATATE,0121,MWATATE,
006,TAITA TAVETA,025,MWATATE,0122,BURA,
006,TAITA TAVETA,025,MWATATE,0123,CHAWIA,
006,TAITA TAVETA,025,MWATATE,0124,WUSI/KISHAMBA,
006,TAITA TAVETA,026,VOI,0125,MBOLOLO,
006,TAITA TAVETA,026,VOI,0126,SAGALLA,
006,TAITA TAVETA,026,VOI,0127,KALOLENI,
006,TAITA TAVETA,026,VOI,0128,MARUNGU,
006,TAITA TAVETA,026,VOI,0129,KASIGAU,
006,TAITA TAVETA,026,VOI,0130,NGOLIA,
007,GARISSA,027,GARISSA TOWNSHIP,0131,WABERI,
007,GARISSA,027,GARISSA TOWNSHIP,0132,GALBET,
007,GARISSA,027,GARISSA TOWNSHIP,0133,TOWNSHIP,
007,GARISSA,027,GARISSA TOWNSHIP,0134,IFTIN,
007,GARISSA,028,BALAMBALA,0135,BALAMBALA,
007,GARISSA,028,BALAMBALA,0136,DANYERE,
007,GARISSA,028,BALAMBALA,0137,JARA JARA,
007,GARISSA,028,BALAMBALA,0138,SAKA,
007,GARISSA,028,BALAMBALA,0139,SANKURI,
007,GARISSA,029,LAGDERA,0140,MODOGASHE,
007,GARISSA,029,LAGDERA,0141,BENANE,
007,GARISSA,029,LAGDERA,0142,GOREALE,
007,GARISSA,029,LAGDERA,0143,MAALIMIN,
007,GARISSA,029,LAGDERA,0144,SABENA,
007,GARISSA,029,LAGDERA,0145,BARAKI,
007,GARISSA,030,DADAAB,0146,DERTU,
007,GARISSA,030,DADAAB,0147,DADAAB,
007,GARISSA,030,DADAAB,0148,LABASIGALE,
007,GARISSA,030,DADAAB,0149,DAMAJALE,
007,GARISSA,030,DADAAB,0150,LIBOI,
007,GARISSA,030,DADAAB,0151,ABAKAILE,
007,GARISSA,031,FAFI,0152,BURA,
007,GARISSA,031,FAFI,0153,DEKAHARIA,
007,GARISSA,031,FAFI,0154,JARAJILA,
007,GARISSA,031,FAFI,0155,FAFI,
007,GARISSA,031,FAFI,0156,NANIGHI,
007,GARISSA,032,IJARA,0157,HULUGHO,
007,GARISSA,032,IJARA,0158,SANGAILU,
007,GARISSA,032,IJARA,0159,IJARA,
007,GARISSA,032,IJARA,0160,MASALANI,
008,WAJIR,033,WAJIR NORTH,0161,GURAR,
008,WAJIR,033,WAJIR NORTH,0162,BUTE,
008,WAJIR,033,WAJIR NORTH,0163,KORONDILE,
008,WAJIR,033,WAJIR NORTH,0164,MALKAGUFU,
008,WAJIR,033,WAJIR NORTH,0165,BATALU,
008,WAJIR,033,WAJIR NORTH,0166,DANABA,
008,WAJIR,033,WAJIR NORTH,0167,GODOMA,
008,WAJIR,034,WAJIR EAST,0168,WAGBERI,
008,WAJIR,034,WAJIR EAST,0169,TOWNSHIP,
008,WAJIR,034,WAJIR EAST,0170,BARWAGO,
008,WAJIR,034,WAJIR EAST,0171,KHOROF/HARAR,
008,WAJIR,035,TARBAJ,0172,ELBEN,
008,WAJIR,035,TARBAJ,0173,SARMAN,
008,WAJIR,035,TARBAJ,0174,TARBAJ,
008,WAJIR,035,TARBAJ,0175,WARGADUD,
008,WAJIR,036,WAJIR WEST,0176,ARBAJAHAN,
008,WAJIR,036,WAJIR WEST,0177,HADADO/ATHIBOHOL,
008,WAJIR,036,WAJIR WEST,0178,ADAMASAJIDE,
008,WAJIR,036,WAJIR WEST,0179,GANYURE/WAGALLA,
008,WAJIR,037,ELDAS,0180,ELDAS,
008,WAJIR,037,ELDAS,0181,DELLA,
008,WAJIR,037,ELDAS,0182,LAKOLEY SOUTH/BASIR,
008,WAJIR,037,ELDAS,0183,ELNUR/TULA TULA,
008,WAJIR,038,WAJIR SOUTH,0184,BENANE,
008,WAJIR,038,WAJIR SOUTH,0185,BURDER,
008,WAJIR,038,WAJIR SOUTH,0186,DADAJA BULLA,
008,WAJIR,038,WAJIR SOUTH,0187,HABASSWEIN,
008,WAJIR,038,WAJIR SOUTH,0188,LAGBOGHOL SOUTH,
008,WAJIR,038,WAJIR SOUTH,0189,IBRAHIM URE,
008,WAJIR,038,WAJIR SOUTH,0190,DIIF,
009,MANDERA,039,MANDERA WEST,0191,TAKABA SOUTH,
009,MANDERA,039,MANDERA WEST,0191,TAKABA,
009,MANDERA,039,MANDERA WEST,0193,LAGSURE,
009,MANDERA,039,MANDERA WEST,0194,DANDU,
009,MANDERA,039,MANDERA WEST,0195,GITHER,
009,MANDERA,040,BANISSA,0196,BANISSA,
009,MANDERA,040,BANISSA,0197,DERKHALE,
009,MANDERA,040,BANISSA,0198,GUBA,
009,MANDERA,040,BANISSA,0199,MALKAMARI,
009,MANDERA,040,BANISSA,0200,KILIWEHIRI,
009,MANDERA,041,MANDERA NORTH,0201,ASHABITO,
009,MANDERA,041,MANDERA NORTH,0202,GUTICHA,
009,MANDERA,041,MANDERA NORTH,0203,MOROTHILE,
009,MANDERA,041,MANDERA NORTH,0204,RHAMU,
009,MANDERA,041,MANDERA NORTH,0205,RHAMU-DIMTU,
009,MANDERA,042,MANDERA SOUTH,0206,WARGADUD,
009,MANDERA,042,MANDERA SOUTH,0207,KUTULO,
009,MANDERA,042,MANDERA SOUTH,0208,ELWAK SOUTH,
009,MANDERA,042,MANDERA SOUTH,0209,ELWAK NORTH,
009,MANDERA,042,MANDERA SOUTH,0210,SHIMBIR FATUMA,
009,MANDERA,043,MANDERA EAST,0211,ARABIA,
009,MANDERA,043,MANDERA EAST,0212,TOWNSHIP,
009,MANDERA,043,MANDERA EAST,0213,NEBOI,
009,MANDERA,043,MANDERA EAST,0214,KHALALIO,
009,MANDERA,043,MANDERA EAST,0215,LIBEHIA,
009,MANDERA,044,LAFEY,0216,SALA,
009,MANDERA,044,LAFEY,0217,FINO,
009,MANDERA,044,LAFEY,0218,LAFEY,
009,MANDERA,044,LAFEY,0219,WARANQARA,
009,MANDERA,044,LAFEY,0220,ALANGO GOF,
010,MARSABIT,045,MOYALE,0221,BUTIYE,
010,MARSABIT,045,MOYALE,0222,SOLOLO,
010,MARSABIT,045,MOYALE,0223,HEILLU/MANYATTA,
010,MARSABIT,045,MOYALE,0224,GOLBO,
010,MARSABIT,045,MOYALE,0225,MOYALE TOWNSHIP,
010,MARSABIT,045,MOYALE,0226,URAN,
010,MARSABIT,045,MOYALE,0227,OBBU,
010,MARSABIT,046,NORTH HORR,0228,DUKANA,
010,MARSABIT,046,NORTH HORR,0229,MAIKONA,
010,MARSABIT,046,NORTH HORR,0230,TURBI,
010,MARSABIT,046,NORTH HORR,0231,NORTH HORR,
010,MARSABIT,046,NORTH HORR,0232,ILLERET,
010,MARSABIT,047,SAKU,0233,SAGANTE/JALDESA,
010,MARSABIT,047,SAKU,0234,KARARE,
010,MARSABIT,047,SAKU,0235,MARSABIT CENTRAL,
010,MARSABIT,048,LAISAMIS,0236,LOIYANGALANI,
010,MARSABIT,048,LAISAMIS,0237,KARGI/SOUTH HORR,
010,MARSABIT,048,LAISAMIS,0238,KORR/NGURUNIT,
010,MARSABIT,048,LAISAMIS,0239,LOGO LOGO,
010,MARSABIT,048,LAISAMIS,0240,LAISAMIS,
011,ISIOLO,049,ISIOLO NORTH,0241,WABERA,
011,ISIOLO,049,ISIOLO NORTH,0242,BULLA PESA,
011,ISIOLO,049,ISIOLO NORTH,0243,CHARI,
011,ISIOLO,049,ISIOLO NORTH,0244,CHERAB,
011,ISIOLO,049,ISIOLO NORTH,0245,NGARE MARA,
011,ISIOLO,049,ISIOLO NORTH,0246,BURAT,
011,ISIOLO,049,ISIOLO NORTH,0247,OLDO/NYIRO,
011,ISIOLO,050,ISIOLO SOUTH,0248,GARBATULLA,
011,ISIOLO,050,ISIOLO SOUTH,0249,KINNA,
011,ISIOLO,050,ISIOLO SOUTH,0250,SERICHO,
012,MERU,051,IGEMBE SOUTH,0251,MAUA,
012,MERU,051,IGEMBE SOUTH,0252,KIEGOI/ANTUBOCHIU,
012,MERU,051,IGEMBE SOUTH,0253,ATHIRU GAITI,
012,MERU,051,IGEMBE SOUTH,0254,AKACHIU,
012,MERU,051,IGEMBE SOUTH,0255,KANUNI,
012,MERU,052,IGEMBE CENTRAL,0256,AKIRANG'ONDU,
012,MERU,052,IGEMBE CENTRAL,0257,ATHIRU RUUJINE,
012,MERU,052,IGEMBE CENTRAL,0258,IGEMBE EAST,
012,MERU,052,IGEMBE CENTRAL,0259,NJIA,
012,MERU,052,IGEMBE CENTRAL,0260,KANGETA,
012,MERU,053,IGEMBE NORTH,0261,ANTUAMBUI,
012,MERU,053,IGEMBE NORTH,0262,NTUNENE,
012,MERU,053,IGEMBE NORTH,0263,ANTUBETWE KIONGO,
012,MERU,053,IGEMBE NORTH,0264,NAATHU,
012,MERU,053,IGEMBE NORTH,0265,AMWATHI,
012,MERU,054,TIGANIA WEST,0266,ATHWANA,
012,MERU,054,TIGANIA WEST,0267,AKITHII,
012,MERU,054,TIGANIA WEST,0268,KIANJAI,
012,MERU,054,TIGANIA WEST,0269,NKOMO,
012,MERU,054,TIGANIA WEST,0270,MBEU,
012,MERU,055,TIGANIA EAST,0271,THANGATHA,
012,MERU,055,TIGANIA EAST,0272,MIKINDURI,
012,MERU,055,TIGANIA EAST,0273,KIGUCHWA,
012,MERU,055,TIGANIA EAST,0274,MUTHARA,
012,MERU,055,TIGANIA EAST,0275,KARAMA,
012,MERU,056,NORTH IMENTI,0276,MUNICIPALITY,
012,MERU,056,NORTH IMENTI,0277,NTIMA EAST,
012,MERU,056,NORTH IMENTI,0278,NTIMA WEST,
012,MERU,056,NORTH IMENTI,0279,NYAKI WEST,
012,MERU,056,NORTH IMENTI,0280,NYAKI EAST,
012,MERU,057,BUURI,0281,TIMAU,
012,MERU,057,BUURI,0282,KISIMA,
012,MERU,057,BUURI,0283,KIIRUA/NAARI,
012,MERU,057,BUURI,0284,RUIRI/RWARERA,
012,MERU,057,BUURI,0289,KIBIRICHIA,
012,MERU,058,CENTRAL IMENTI,0285,MWANGANTHIA,
012,MERU,058,CENTRAL IMENTI,0286,ABOTHUGUCHI CENTRAL,
012,MERU,058,CENTRAL IMENTI,0287,ABOTHUGUCHI WEST,
012,MERU,058,CENTRAL IMENTI,0288,KIAGU,
012,MERU,059,SOUTH IMENTI,0290,MITUNGUU,
012,MERU,059,SOUTH IMENTI,0291,IGOJI EAST,
012,MERU,059,SOUTH IMENTI,0292,IGOJI WEST,
012,MERU,059,SOUTH IMENTI,0293,ABOGETA EAST,
012,MERU,059,SOUTH IMENTI,0294,ABOGETA WEST,
012,MERU,059,SOUTH IMENTI,0295,NKUENE,
013,THARAKA - NITHI,060,MAARA,0296,MITHERU,
013,THARAKA - NITHI,060,MAARA,0297,MUTHAMBI,
013,THARAKA - NITHI,060,MAARA,0298,MWIMBI,
013,THARAKA - NITHI,060,MAARA,0299,GANGA,
013,THARAKA - NITHI,060,MAARA,0300,CHOGORIA,
013,THARAKA - NITHI,061,CHUKA/IGAMBANG'OMBE,0301,MARIANI,
013,THARAKA - NITHI,061,CHUKA/IGAMBANG'OMBE,0302,KARINGANI,
013,THARAKA - NITHI,061,CHUKA/IGAMBANG'OMBE,0303,MAGUMONI,
013,THARAKA - NITHI,061,CHUKA/IGAMBANG'OMBE,0304,MUGWE,
013,THARAKA - NITHI,061,CHUKA/IGAMBANG'OMBE,0305,IGAMBANG'OMBE,
013,THARAKA - NITHI,062,THARAKA,0306,GATUNGA,
013,THARAKA - NITHI,062,THARAKA,0307,MUKOTHIMA,
013,THARAKA - NITHI,062,THARAKA,0308,NKONDI,
013,THARAKA - NITHI,062,THARAKA,0309,CHIAKARIGA,
013,THARAKA - NITHI,062,THARAKA,0310,MARIMANTI,
014,EMBU,063,MANYATTA,0311,RUGURU/NGANDORI,
014,EMBU,063,MANYATTA,0312,KITHIMU,
014,EMBU,063,MANYATTA,0313,NGINDA,
014,EMBU,063,MANYATTA,0314,MBETI NORTH,
014,EMBU,063,MANYATTA,0315,KIRIMARI,
014,EMBU,063,MANYATTA,0316,GATURI SOUTH,
014,EMBU,064,RUNYENJES,0317,GATURI NORTH,
014,EMBU,064,RUNYENJES,0318,KAGAARI SOUTH,
014,EMBU,064,RUNYENJES,0319,CENTRAL  WARD,
014,EMBU,064,RUNYENJES,0320,KAGAARI NORTH,
014,EMBU,064,RUNYENJES,0321,KYENI NORTH,
014,EMBU,064,RUNYENJES,0322,KYENI SOUTH,
014,EMBU,065,MBEERE SOUTH,0323,MWEA,
014,EMBU,065,MBEERE SOUTH,0324,MAKIMA,
014,EMBU,065,MBEERE SOUTH,0325,MBETI SOUTH,
014,EMBU,065,MBEERE SOUTH,0326,MAVURIA,
014,EMBU,065,MBEERE SOUTH,0327,KIAMBERE,
014,EMBU,066,MBEERE NORTH,0328,NTHAWA,
014,EMBU,066,MBEERE NORTH,0329,MUMINJI,
014,EMBU,066,MBEERE NORTH,0330,EVURORE,
015,KITUI,067,MWINGI NORTH,0331,NGOMENI,
015,KITUI,067,MWINGI NORTH,0332,KYUSO,
015,KITUI,067,MWINGI NORTH,0333,MUMONI,
015,KITUI,067,MWINGI NORTH,0334,TSEIKURU,
015,KITUI,067,MWINGI NORTH,0335,THARAKA,
015,KITUI,068,MWINGI WEST,0336,KYOME/THAANA,
015,KITUI,068,MWINGI WEST,0337,NGUUTANI,
015,KITUI,068,MWINGI WEST,0338,MIGWANI,
015,KITUI,068,MWINGI WEST,0339,KIOMO/KYETHANI,
015,KITUI,069,MWINGI CENTRAL,0340,CENTRAL,
015,KITUI,069,MWINGI CENTRAL,0341,KIVOU,
015,KITUI,069,MWINGI CENTRAL,0342,NGUNI,
015,KITUI,069,MWINGI CENTRAL,0343,NUU,
015,KITUI,069,MWINGI CENTRAL,0344,MUI,
015,KITUI,069,MWINGI CENTRAL,0345,WAITA,
015,KITUI,070,KITUI WEST,0346,MUTONGUNI,
015,KITUI,070,KITUI WEST,0347,KAUWI,
015,KITUI,070,KITUI WEST,0348,MATINYANI,
015,KITUI,070,KITUI WEST,0349,KWA MUTONGA/KITHUMULA,
015,KITUI,071,KITUI RURAL,0350,KISASI,
015,KITUI,071,KITUI RURAL,0351,MBITINI,
015,KITUI,071,KITUI RURAL,0352,KWAVONZA/YATTA,
015,KITUI,071,KITUI RURAL,0353,KANYANGI,
015,KITUI,072,KITUI CENTRAL,0354,MIAMBANI,
015,KITUI,072,KITUI CENTRAL,0355,TOWNSHIP,
015,KITUI,072,KITUI CENTRAL,0356,KYANGWITHYA WEST,
015,KITUI,072,KITUI CENTRAL,0357,MULANGO,
015,KITUI,072,KITUI CENTRAL,0358,KYANGWITHYA EAST,
015,KITUI,073,KITUI EAST,0359,ZOMBE/MWITIKA,
015,KITUI,073,KITUI EAST,0360,NZAMBANI,
015,KITUI,073,KITUI EAST,0361,CHULUNI,
015,KITUI,073,KITUI EAST,0362,VOO/KYAMATU,
015,KITUI,073,KITUI EAST,0363,ENDAU/MALALANI,
015,KITUI,073,KITUI EAST,0364,MUTITO/KALIKU,
015,KITUI,074,KITUI SOUTH,0365,IKANGA/KYATUNE,
015,KITUI,074,KITUI SOUTH,0366,MUTOMO,
015,KITUI,074,KITUI SOUTH,0367,MUTHA,
015,KITUI,074,KITUI SOUTH,0368,IKUTHA,
015,KITUI,074,KITUI SOUTH,0369,KANZIKO,
015,KITUI,074,KITUI SOUTH,0370,ATHI,
016,MACHAKOS,075,MASINGA,0371,KIVAA,
016,MACHAKOS,075,MASINGA,0372,MASINGA CENTRAL,
016,MACHAKOS,075,MASINGA,0373,EKALAKALA,
016,MACHAKOS,075,MASINGA,0374,MUTHESYA,
016,MACHAKOS,075,MASINGA,0375,NDITHINI,
016,MACHAKOS,076,YATTA,0376,NDALANI,
016,MACHAKOS,076,YATTA,0377,MATUU,
016,MACHAKOS,076,YATTA,0378,KITHIMANI,
016,MACHAKOS,076,YATTA,0379,IKOMBE,
016,MACHAKOS,076,YATTA,0380,KATANGI,
016,MACHAKOS,077,KANGUNDO,0381,KANGUNDO NORTH,
016,MACHAKOS,077,KANGUNDO,0382,KANGUNDO CENTRAL,
016,MACHAKOS,077,KANGUNDO,0383,KANGUNDO EAST,
016,MACHAKOS,077,KANGUNDO,0384,KANGUNDO WEST,
016,MACHAKOS,078,MATUNGULU,0385,TALA,
016,MACHAKOS,078,MATUNGULU,0386,MATUNGULU NORTH,
016,MACHAKOS,078,MATUNGULU,0387,MATUNGULU EAST,
016,MACHAKOS,078,MATUNGULU,0388,MATUNGULU WEST,
016,MACHAKOS,078,MATUNGULU,0389,KYELENI,
016,MACHAKOS,079,KATHIANI,0390,MITABONI,
016,MACHAKOS,079,KATHIANI,0391,KATHIANI CENTRAL,
016,MACHAKOS,079,KATHIANI,0392,UPPER KAEWA/IVETI,
016,MACHAKOS,079,KATHIANI,0393,LOWER KAEWA/KAANI,
016,MACHAKOS,080,MAVOKO,0394,ATHI RIVER,
016,MACHAKOS,080,MAVOKO,0395,KINANIE,
016,MACHAKOS,080,MAVOKO,0396,MUTHWANI,
016,MACHAKOS,080,MAVOKO,0397,SYOKIMAU/MULOLONGO,
016,MACHAKOS,081,MACHAKOS TOWN,0398,KALAMA,
016,MACHAKOS,081,MACHAKOS TOWN,0399,MUA,
016,MACHAKOS,081,MACHAKOS TOWN,0400,MUTITUNI,
016,MACHAKOS,081,MACHAKOS TOWN,0401,MACHAKOS CENTRAL,
016,MACHAKOS,081,MACHAKOS TOWN,0402,MUMBUNI NORTH,
016,MACHAKOS,081,MACHAKOS TOWN,0403,MUVUTI/KIIMA-KIMWE,
016,MACHAKOS,081,MACHAKOS TOWN,0404,KOLA,
016,MACHAKOS,082,MWALA,0405,MBIUNI,
016,MACHAKOS,082,MWALA,0406,MAKUTANO/ MWALA,
016,MACHAKOS,082,MWALA,0407,MASII,
016,MACHAKOS,082,MWALA,0408,MUTHETHENI,
016,MACHAKOS,082,MWALA,0409,WAMUNYU,
016,MACHAKOS,082,MWALA,0410,KIBAUNI,
017,MAKUENI,083,MBOONI,0411,TULIMANI,
017,MAKUENI,083,MBOONI,0412,MBOONI,
017,MAKUENI,083,MBOONI,0413,KITHUNGO/KITUNDU,
017,MAKUENI,083,MBOONI,0414,KITETA/KISAU,
017,MAKUENI,083,MBOONI,0415,WAIA-KAKO,
017,MAKUENI,083,MBOONI,0416,KALAWA,
017,MAKUENI,084,KILOME,0417,KASIKEU,
017,MAKUENI,084,KILOME,0418,MUKAA,
017,MAKUENI,084,KILOME,0419,KIIMA KIU/KALANZONI,
017,MAKUENI,085,KAITI,0420,UKIA,
017,MAKUENI,085,KAITI,0421,KEE,
017,MAKUENI,085,KAITI,0422,KILUNGU,
017,MAKUENI,085,KAITI,0423,ILIMA,
017,MAKUENI,086,MAKUENI,0424,WOTE,
017,MAKUENI,086,MAKUENI,0425,MUVAU/KIKUUMINI,
017,MAKUENI,086,MAKUENI,0426,MAVINDINI,
017,MAKUENI,086,MAKUENI,0427,KITISE/KITHUKI,
017,MAKUENI,086,MAKUENI,0428,KATHONZWENI,
017,MAKUENI,086,MAKUENI,0429,NZAUI/KILILI/KALAMBA,
017,MAKUENI,086,MAKUENI,0430,MBITINI,
017,MAKUENI,087,KIBWEZI WEST,0431,MAKINDU,
017,MAKUENI,087,KIBWEZI WEST,0432,NGUUMO,
017,MAKUENI,087,KIBWEZI WEST,0433,KIKUMBULYU NORTH,
017,MAKUENI,087,KIBWEZI WEST,0434,KIKUMBULYU SOUTH,
017,MAKUENI,087,KIBWEZI WEST,0435,NGUU/MASUMBA,
017,MAKUENI,087,KIBWEZI WEST,0436,EMALI/MULALA,
017,MAKUENI,088,KIBWEZI EAST,0437,MASONGALENI,
017,MAKUENI,088,KIBWEZI EAST,0438,MTITO ANDEI,
017,MAKUENI,088,KIBWEZI EAST,0439,THANGE,
017,MAKUENI,088,KIBWEZI EAST,0440,IVINGONI/NZAMBANI,
018,NYANDARUA,089,KINANGOP,0441,ENGINEER,
018,NYANDARUA,089,KINANGOP,0442,GATHARA,
018,NYANDARUA,089,KINANGOP,0443,NORTH KINANGOP,
018,NYANDARUA,089,KINANGOP,0444,MURUNGARU,
018,NYANDARUA,089,KINANGOP,0445,NJABINI\KIBURU,
018,NYANDARUA,089,KINANGOP,0446,NYAKIO,
018,NYANDARUA,089,KINANGOP,0447,GITHABAI,
018,NYANDARUA,089,KINANGOP,0448,MAGUMU,
018,NYANDARUA,090,KIPIPIRI,0449,WANJOHI,
018,NYANDARUA,090,KIPIPIRI,0450,KIPIPIRI,
018,NYANDARUA,090,KIPIPIRI,0451,GETA,
018,NYANDARUA,090,KIPIPIRI,0452,GITHIORO,
018,NYANDARUA,091,OL KALOU,0453,KARAU,
018,NYANDARUA,091,OL KALOU,0454,KANJUIRI RANGE,
018,NYANDARUA,091,OL KALOU,0455,MIRANGINE,
018,NYANDARUA,091,OL KALOU,0456,KAIMBAGA,
018,NYANDARUA,091,OL KALOU,0457,RURII,
018,NYANDARUA,092,OL JOROK,0458,GATHANJI,
018,NYANDARUA,092,OL JOROK,0459,GATIMU,
018,NYANDARUA,092,OL JOROK,0460,WERU,
018,NYANDARUA,092,OL JOROK,0461,CHARAGITA,
018,NYANDARUA,093,NDARAGWA,0462,LESHAU/PONDO,
018,NYANDARUA,093,NDARAGWA,0463,KIRIITA,
018,NYANDARUA,093,NDARAGWA,0464,CENTRAL,
018,NYANDARUA,093,NDARAGWA,0465,SHAMATA,
019,NYERI,094,TETU,0466,DEDAN KIMANTHI,
019,NYERI,094,TETU,0467,WAMAGANA,
019,NYERI,094,TETU,0468,AGUTHI-GAAKI,
019,NYERI,095,KIENI,0469,MWEIGA,
019,NYERI,095,KIENI,0470,NAROMORU KIAMATHAGA,
019,NYERI,095,KIENI,0471,MWIYOGO/ENDARASHA,
019,NYERI,095,KIENI,0472,MUGUNDA,
019,NYERI,095,KIENI,0473,GATARAKWA,
019,NYERI,095,KIENI,0474,THEGU RIVER,
019,NYERI,095,KIENI,0475,KABARU,
019,NYERI,095,KIENI,0476,GAKAWA,
019,NYERI,096,MATHIRA,0477,RUGURU,
019,NYERI,096,MATHIRA,0478,MAGUTU,
019,NYERI,096,MATHIRA,0479,IRIAINI,
019,NYERI,096,MATHIRA,0480,KONYU,
019,NYERI,096,MATHIRA,0481,KIRIMUKUYU,
019,NYERI,096,MATHIRA,0482,KARATINA TOWN,
019,NYERI,097,OTHAYA,0483,MAHIGA,
019,NYERI,097,OTHAYA,0484,IRIA-INI,
019,NYERI,097,OTHAYA,0485,CHINGA,
019,NYERI,097,OTHAYA,0486,KARIMA,
019,NYERI,098,MUKURWEINI,0487,GIKONDI,
019,NYERI,098,MUKURWEINI,0488,RUGI,
019,NYERI,098,MUKURWEINI,0489,MUKURWE-INI WEST,
019,NYERI,098,MUKURWEINI,0490,MUKURWE-INI CENTRAL,
019,NYERI,099,NYERI TOWN,0491,KIGANJO/MATHARI,
019,NYERI,099,NYERI TOWN,0492,RWARE,
019,NYERI,099,NYERI TOWN,0493,GATITU/MURUGURU,
019,NYERI,099,NYERI TOWN,0494,RURING'U,
019,NYERI,099,NYERI TOWN,0495,KAMAKWA/MUKARO,
020,KIRINYAGA,100,MWEA,0496,MUTITHI,
020,KIRINYAGA,100,MWEA,0497,KANGAI,
020,KIRINYAGA,100,MWEA,0498,THIBA,
020,KIRINYAGA,100,MWEA,0499,WAMUMU,
020,KIRINYAGA,100,MWEA,0500,NYANGATI,
020,KIRINYAGA,100,MWEA,0501,MURINDUKO,
020,KIRINYAGA,100,MWEA,0502,GATHIGIRIRI,
020,KIRINYAGA,100,MWEA,0503,TEBERE,
020,KIRINYAGA,101,GICHUGU,0504,KABARE,
020,KIRINYAGA,101,GICHUGU,0505,BARAGWI,
020,KIRINYAGA,101,GICHUGU,0506,NJUKIINI,
020,KIRINYAGA,101,GICHUGU,0507,NGARIAMA,
020,KIRINYAGA,101,GICHUGU,0508,KARUMANDI,
020,KIRINYAGA,102,NDIA,0509,MUKURE,
020,KIRINYAGA,102,NDIA,0510,KIINE,
020,KIRINYAGA,102,NDIA,0511,KARITI,
020,KIRINYAGA,103,KIRINYAGA CENTRAL,0512,MUTIRA,
020,KIRINYAGA,103,KIRINYAGA CENTRAL,0513,KANYEKINI,
020,KIRINYAGA,103,KIRINYAGA CENTRAL,0514,KERUGOYA,
020,KIRINYAGA,103,KIRINYAGA CENTRAL,0515,INOI,
021,MURANG'A,104,KANGEMA,0516,KANYENYA-INI,
021,MURANG'A,104,KANGEMA,0517,MUGURU,
021,MURANG'A,104,KANGEMA,0518,RWATHIA,
021,MURANG'A,105,MATHIOYA,0519,GITUGI,
021,MURANG'A,105,MATHIOYA,0520,KIRU,
021,MURANG'A,105,MATHIOYA,0521,KAMACHARIA,
021,MURANG'A,106,KIHARU,0522,WANGU,
021,MURANG'A,106,KIHARU,0523,MUGOIRI,
021,MURANG'A,106,KIHARU,0524,MBIRI,
021,MURANG'A,106,KIHARU,0525,TOWNSHIP,
021,MURANG'A,106,KIHARU,0526,MURARANDIA,
021,MURANG'A,106,KIHARU,0527,GATURI,
021,MURANG'A,107,KIGUMO,0528,KAHUMBU,
021,MURANG'A,107,KIGUMO,0529,MUTHITHI,
021,MURANG'A,107,KIGUMO,0530,KIGUMO,
021,MURANG'A,107,KIGUMO,0531,KANGARI,
021,MURANG'A,107,KIGUMO,0532,KINYONA,
021,MURANG'A,108,MARAGWA,0533,KIMORORI/WEMPA,
021,MURANG'A,108,MARAGWA,0534,MAKUYU,
021,MURANG'A,108,MARAGWA,0535,KAMBITI,
021,MURANG'A,108,MARAGWA,0536,KAMAHUHA,
021,MURANG'A,108,MARAGWA,0537,ICHAGAKI,
021,MURANG'A,108,MARAGWA,0538,NGINDA,
021,MURANG'A,109,KANDARA,0539,NG'ARARIA,
021,MURANG'A,109,KANDARA,0540,MURUKA,
021,MURANG'A,109,KANDARA,0541,KAGUNDU-INI,
021,MURANG'A,109,KANDARA,0542,GAICHANJIRU,
021,MURANG'A,109,KANDARA,0543,ITHIRU,
021,MURANG'A,109,KANDARA,0544,RUCHU,
021,MURANG'A,110,GATANGA,0545,ITHANGA,
021,MURANG'A,110,GATANGA,0546,KAKUZI/MITUBIRI,
021,MURANG'A,110,GATANGA,0547,MUGUMO-INI,
021,MURANG'A,110,GATANGA,0548,KIHUMBU-INI,
021,MURANG'A,110,GATANGA,0549,GATANGA,
021,MURANG'A,110,GATANGA,0550,KARIARA,
022,KIAMBU,111,GATUNDU SOUTH,0551,KIAMWANGI,
022,KIAMBU,111,GATUNDU SOUTH,0552,KIGANJO,
022,KIAMBU,111,GATUNDU SOUTH,0553,NDARUGU,
022,KIAMBU,111,GATUNDU SOUTH,0554,NGENDA,
022,KIAMBU,112,GATUNDU NORTH,0555,GITUAMBA,
022,KIAMBU,112,GATUNDU NORTH,0556,GITHOBOKONI,
022,KIAMBU,112,GATUNDU NORTH,0557,CHANIA,
022,KIAMBU,112,GATUNDU NORTH,0558,MANG'U,
022,KIAMBU,113,JUJA,0559,MURERA,
022,KIAMBU,113,JUJA,0560,THETA,
022,KIAMBU,113,JUJA,0561,JUJA,
022,KIAMBU,113,JUJA,0562,WITEITHIE,
022,KIAMBU,113,JUJA,0563,KALIMONI,
022,KIAMBU,114,THIKA TOWN,0564,TOWNSHIP,
022,KIAMBU,114,THIKA TOWN,0565,KAMENU,
022,KIAMBU,114,THIKA TOWN,0566,HOSPITAL,
022,KIAMBU,114,THIKA TOWN,0567,GATUANYAGA,
022,KIAMBU,114,THIKA TOWN,0568,NGOLIBA,
022,KIAMBU,115,RUIRU,0569,GITOTHUA,
022,KIAMBU,115,RUIRU,0570,BIASHARA,
022,KIAMBU,115,RUIRU,0571,GATONGORA,
022,KIAMBU,115,RUIRU,0572,KAHAWA SUKARI,
022,KIAMBU,115,RUIRU,0573,KAHAWA WENDANI,
022,KIAMBU,115,RUIRU,0574,KIUU,
022,KIAMBU,115,RUIRU,0575,MWIKI,
022,KIAMBU,115,RUIRU,0576,MWIHOKO,
022,KIAMBU,116,GITHUNGURI,0577,GITHUNGURI,
022,KIAMBU,116,GITHUNGURI,0578,GITHIGA,
022,KIAMBU,116,GITHUNGURI,0579,IKINU,
022,KIAMBU,116,GITHUNGURI,0580,NGEWA,
022,KIAMBU,116,GITHUNGURI,0581,KOMOTHAI,
022,KIAMBU,117,KIAMBU,0582,TING'ANG'A,
022,KIAMBU,117,KIAMBU,0583,NDUMBERI,
022,KIAMBU,117,KIAMBU,0584,RIABAI,
022,KIAMBU,117,KIAMBU,0585,TOWNSHIP,
022,KIAMBU,118,KIAMBAA,0586,CIANDA,
022,KIAMBU,118,KIAMBAA,0587,KARURI,
022,KIAMBU,118,KIAMBAA,0588,NDENDERU,
022,KIAMBU,118,KIAMBAA,0589,MUCHATHA,
022,KIAMBU,118,KIAMBAA,0590,KIHARA,
022,KIAMBU,119,KABETE,0591,GITARU,
022,KIAMBU,119,KABETE,0592,MUGUGA,
022,KIAMBU,119,KABETE,0593,NYADHUNA,
022,KIAMBU,119,KABETE,0594,KABETE,
022,KIAMBU,119,KABETE,0595,UTHIRU,
022,KIAMBU,120,KIKUYU,0596,KARAI,
022,KIAMBU,120,KIKUYU,0597,NACHU,
022,KIAMBU,120,KIKUYU,0598,SIGONA,
022,KIAMBU,120,KIKUYU,0599,KIKUYU,
022,KIAMBU,120,KIKUYU,0600,KINOO,
022,KIAMBU,121,LIMURU,0601,BIBIRIONI,
022,KIAMBU,121,LIMURU,0602,LIMURU CENTRAL,
022,KIAMBU,121,LIMURU,0603,NDEIYA,
022,KIAMBU,121,LIMURU,0604,LIMURU EAST,
022,KIAMBU,121,LIMURU,0605,NGECHA TIGONI,
022,KIAMBU,122,LARI,0606,KINALE,
022,KIAMBU,122,LARI,0607,KIJABE,
022,KIAMBU,122,LARI,0608,NYANDUMA,
022,KIAMBU,122,LARI,0609,KAMBURU,
022,KIAMBU,122,LARI,0610,LARI/KIRENGA,
023,TURKANA,123,TURKANA NORTH,0611,KAERIS,
023,TURKANA,123,TURKANA NORTH,0612,LAKE ZONE,
023,TURKANA,123,TURKANA NORTH,0613,LAPUR,
023,TURKANA,123,TURKANA NORTH,0614,KAALENG/KAIKOR,
023,TURKANA,123,TURKANA NORTH,0615,KIBISH,
023,TURKANA,123,TURKANA NORTH,0616,NAKALALE,
023,TURKANA,124,TURKANA WEST,0617,KAKUMA,
023,TURKANA,124,TURKANA WEST,0618,LOPUR,
023,TURKANA,124,TURKANA WEST,0619,LETEA,
023,TURKANA,124,TURKANA WEST,0620,SONGOT,
023,TURKANA,124,TURKANA WEST,0621,KALOBEYEI,
023,TURKANA,124,TURKANA WEST,0622,LOKICHOGGIO,
023,TURKANA,124,TURKANA WEST,0623,NANAAM,
023,TURKANA,125,TURKANA CENTRAL,0624,KERIO DELTA,
023,TURKANA,125,TURKANA CENTRAL,0625,KANG'ATOTHA,
023,TURKANA,125,TURKANA CENTRAL,0626,KALOKOL,
023,TURKANA,125,TURKANA CENTRAL,0627,LODWAR TOWNSHIP,
023,TURKANA,125,TURKANA CENTRAL,0628,KANAMKEMER,
023,TURKANA,126,LOIMA,0629,KOTARUK/LOBEI,
023,TURKANA,126,LOIMA,0630,TURKWEL,
023,TURKANA,126,LOIMA,0631,LOIMA,
023,TURKANA,126,LOIMA,0632,LOKIRIAMA/LORENGIPPI,
023,TURKANA,127,TURKANA SOUTH,0633,KAPUTIR,
023,TURKANA,127,TURKANA SOUTH,0634,KATILU,
023,TURKANA,127,TURKANA SOUTH,0635,LOBOKAT,
023,TURKANA,127,TURKANA SOUTH,0636,KALAPATA,
023,TURKANA,127,TURKANA SOUTH,0637,LOKICHAR,
023,TURKANA,128,TURKANA EAST,0638,KAPEDO/NAPEITOM,
023,TURKANA,128,TURKANA EAST,0639,KATILIA,
023,TURKANA,128,TURKANA EAST,0640,LOKORI/KOCHODIN,
024,WEST POKOT,129,KAPENGURIA,0641,RIWO,
024,WEST POKOT,129,KAPENGURIA,0642,KAPENGURIA,
024,WEST POKOT,129,KAPENGURIA,0643,MNAGEI,
024,WEST POKOT,129,KAPENGURIA,0644,SIYOI,
024,WEST POKOT,129,KAPENGURIA,0645,ENDUGH,
024,WEST POKOT,129,KAPENGURIA,0646,SOOK,
024,WEST POKOT,130,SIGOR,0647,SEKERR,
024,WEST POKOT,130,SIGOR,0648,MASOOL,
024,WEST POKOT,130,SIGOR,0649,LOMUT,
024,WEST POKOT,130,SIGOR,0650,WEIWEI,
024,WEST POKOT,131,KACHELIBA,0651,SUAM,
024,WEST POKOT,131,KACHELIBA,0652,KODICH,
024,WEST POKOT,131,KACHELIBA,0653,KASEI,
024,WEST POKOT,131,KACHELIBA,0654,KAPCHOK,
024,WEST POKOT,131,KACHELIBA,0655,KIWAWA,
024,WEST POKOT,131,KACHELIBA,0656,ALALE,
024,WEST POKOT,132,POKOT SOUTH,0657,CHEPARERIA,
024,WEST POKOT,132,POKOT SOUTH,0658,BATEI,
024,WEST POKOT,132,POKOT SOUTH,0659,LELAN,
024,WEST POKOT,132,POKOT SOUTH,0660,TAPACH,
025,SAMBURU,133,SAMBURU WEST,0661,LODOKEJEK,
025,SAMBURU,133,SAMBURU WEST,0662,SUGUTA MARMAR,
025,SAMBURU,133,SAMBURU WEST,0663,MARALAL,
025,SAMBURU,133,SAMBURU WEST,0664,LOOSUK,
025,SAMBURU,133,SAMBURU WEST,0665,PORO,
025,SAMBURU,134,SAMBURU NORTH,0666,EL-BARTA,
025,SAMBURU,134,SAMBURU NORTH,0667,NACHOLA,
025,SAMBURU,134,SAMBURU NORTH,0668,NDOTO,
025,SAMBURU,134,SAMBURU NORTH,0669,NYIRO,
025,SAMBURU,134,SAMBURU NORTH,0670,ANGATA NANYOKIE,
025,SAMBURU,134,SAMBURU NORTH,0671,BAAWA,
025,SAMBURU,135,SAMBURU EAST,0672,WASO,
025,SAMBURU,135,SAMBURU EAST,0673,WAMBA WEST,
025,SAMBURU,135,SAMBURU EAST,0674,WAMBA EAST,
025,SAMBURU,135,SAMBURU EAST,0675,WAMBA NORTH,
026,TRANS NZOIA,136,KWANZA,0676,KAPOMBOI,
026,TRANS NZOIA,136,KWANZA,0677,KWANZA,
026,TRANS NZOIA,136,KWANZA,0678,KEIYO,
026,TRANS NZOIA,136,KWANZA,0679,BIDII,
026,TRANS NZOIA,137,ENDEBESS,0680,CHEPCHOINA,
026,TRANS NZOIA,137,ENDEBESS,0681,ENDEBESS,
026,TRANS NZOIA,137,ENDEBESS,0682,MATUMBEI,
026,TRANS NZOIA,138,SABOTI,0683,KINYORO,
026,TRANS NZOIA,138,SABOTI,0684,MATISI,
026,TRANS NZOIA,138,SABOTI,0685,TUWANI,
026,TRANS NZOIA,138,SABOTI,0686,SABOTI,
026,TRANS NZOIA,138,SABOTI,0687,MACHEWA,
026,TRANS NZOIA,139,KIMININI,0688,KIMININI,
026,TRANS NZOIA,139,KIMININI,0689,WAITALUK,
026,TRANS NZOIA,139,KIMININI,0690,SIRENDE,
026,TRANS NZOIA,139,KIMININI,0691,HOSPITAL,
026,TRANS NZOIA,139,KIMININI,0692,SIKHENDU,
026,TRANS NZOIA,139,KIMININI,0693,NABISWA,
026,TRANS NZOIA,140,CHERANGANY,0694,SINYERERE,
026,TRANS NZOIA,140,CHERANGANY,0695,MAKUTANO,
026,TRANS NZOIA,140,CHERANGANY,0696,KAPLAMAI,
026,TRANS NZOIA,140,CHERANGANY,0697,MOTOSIET,
026,TRANS NZOIA,140,CHERANGANY,0698,CHERANGANY/SUWERWA,
026,TRANS NZOIA,140,CHERANGANY,0699,CHEPSIRO/KIPTOROR,
026,TRANS NZOIA,140,CHERANGANY,0700,SITATUNGA,
027,UASIN GISHU,141,SOY,0701,MOI'S BRIDGE,
027,UASIN GISHU,141,SOY,0702,KAPKURES,
027,UASIN GISHU,141,SOY,0703,ZIWA,
027,UASIN GISHU,141,SOY,0704,SEGERO/BARSOMBE,
027,UASIN GISHU,141,SOY,0705,KIPSOMBA,
027,UASIN GISHU,141,SOY,0706,SOY,
027,UASIN GISHU,141,SOY,0707,KUINET/KAPSUSWA,
027,UASIN GISHU,142,TURBO,0708,NGENYILEL,
027,UASIN GISHU,142,TURBO,0709,TAPSAGOI,
027,UASIN GISHU,142,TURBO,0710,KAMAGUT,
027,UASIN GISHU,142,TURBO,0711,KIPLOMBE,
027,UASIN GISHU,142,TURBO,0712,KAPSAOS,
027,UASIN GISHU,142,TURBO,0713,HURUMA,
027,UASIN GISHU,143,MOIBEN,0714,TEMBELIO,
027,UASIN GISHU,143,MOIBEN,0715,SERGOIT,
027,UASIN GISHU,143,MOIBEN,0716,KARUNA/MEIBEKI,
027,UASIN GISHU,143,MOIBEN,0717,MOIBEN,
027,UASIN GISHU,143,MOIBEN,0718,KIMUMU,
027,UASIN GISHU,144,AINABKOI,0719,KAPSOYA,
027,UASIN GISHU,144,AINABKOI,0720,KAPTAGAT,
027,UASIN GISHU,144,AINABKOI,0721,AINABKOI/OLARE,
027,UASIN GISHU,145,KAPSERET,0722,SIMAT/KAPSERET,
027,UASIN GISHU,145,KAPSERET,0723,KIPKENYO,
027,UASIN GISHU,145,KAPSERET,0724,NGERIA,
027,UASIN GISHU,145,KAPSERET,0725,MEGUN,
027,UASIN GISHU,145,KAPSERET,0726,LANGAS,
027,UASIN GISHU,146,KESSES,0727,RACECOURSE,
027,UASIN GISHU,146,KESSES,0728,CHEPTIRET/KIPCHAMO,
027,UASIN GISHU,146,KESSES,0729,TULWET/CHUIYAT,
027,UASIN GISHU,146,KESSES,0730,TARAKWA,
028,ELGEYO/MARAKWET,147,MARAKWET EAST,0731,KAPYEGO,
028,ELGEYO/MARAKWET,147,MARAKWET EAST,0732,SAMBIRIR,
028,ELGEYO/MARAKWET,147,MARAKWET EAST,0733,ENDO,
028,ELGEYO/MARAKWET,147,MARAKWET EAST,0734,EMBOBUT / EMBULOT,
028,ELGEYO/MARAKWET,148,MARAKWET WEST,0735,LELAN,
028,ELGEYO/MARAKWET,148,MARAKWET WEST,0736,SENGWER,
028,ELGEYO/MARAKWET,148,MARAKWET WEST,0737,CHERANG'ANY/CHEBORORWA,
028,ELGEYO/MARAKWET,148,MARAKWET WEST,0738,MOIBEN/KUSERWO,
028,ELGEYO/MARAKWET,148,MARAKWET WEST,0739,KAPSOWAR,
028,ELGEYO/MARAKWET,148,MARAKWET WEST,0740,ARROR,
028,ELGEYO/MARAKWET,149,KEIYO NORTH,0741,EMSOO,
028,ELGEYO/MARAKWET,149,KEIYO NORTH,0742,KAMARINY,
028,ELGEYO/MARAKWET,149,KEIYO NORTH,0743,KAPCHEMUTWA,
028,ELGEYO/MARAKWET,149,KEIYO NORTH,0744,TAMBACH,
028,ELGEYO/MARAKWET,150,KEIYO SOUTH,0745,KAPTARAKWA,
028,ELGEYO/MARAKWET,150,KEIYO SOUTH,0746,CHEPKORIO,
028,ELGEYO/MARAKWET,150,KEIYO SOUTH,0747,SOY NORTH,
028,ELGEYO/MARAKWET,150,KEIYO SOUTH,0748,SOY SOUTH,
028,ELGEYO/MARAKWET,150,KEIYO SOUTH,0749,KABIEMIT,
028,ELGEYO/MARAKWET,150,KEIYO SOUTH,0750,METKEI,
029,NANDI,151,TINDERET,0751,SONGHOR/SOBA,
029,NANDI,151,TINDERET,0752,TINDIRET,
029,NANDI,151,TINDERET,0753,CHEMELIL/CHEMASE,
029,NANDI,151,TINDERET,0754,KAPSIMOTWO,
029,NANDI,152,ALDAI,0755,KABWARENG,
029,NANDI,152,ALDAI,0756,TERIK,
029,NANDI,152,ALDAI,0757,KEMELOI-MARABA,
029,NANDI,152,ALDAI,0758,KOBUJOI,
029,NANDI,152,ALDAI,0759,KAPTUMO-KABOI,
029,NANDI,152,ALDAI,0760,KOYO-NDURIO,
029,NANDI,153,NANDI HILLS,0761,NANDI HILLS,
029,NANDI,153,NANDI HILLS,0762,CHEPKUNYUK,
029,NANDI,153,NANDI HILLS,0763,OL'LESSOS,
029,NANDI,153,NANDI HILLS,0764,KAPCHORUA,
029,NANDI,154,CHESUMEI,0765,CHEMUNDU/KAPNG'ETUNY,
029,NANDI,154,CHESUMEI,0766,KOSIRAI,
029,NANDI,154,CHESUMEI,0767,LELMOKWO/NGECHEK,
029,NANDI,154,CHESUMEI,0768,KAPTEL/KAMOIYWO,
029,NANDI,154,CHESUMEI,0769,KIPTUYA,
029,NANDI,155,EMGWEN,0770,CHEPKUMIA,
029,NANDI,155,EMGWEN,0771,KAPKANGANI,
029,NANDI,155,EMGWEN,0772,KAPSABET,
029,NANDI,155,EMGWEN,0773,KILIBWONI,
029,NANDI,156,MOSOP,0774,CHEPTERWAI,
029,NANDI,156,MOSOP,0775,KIPKAREN,
029,NANDI,156,MOSOP,0776,KURGUNG/SURUNGAI,
029,NANDI,156,MOSOP,0777,KABIYET,
029,NANDI,156,MOSOP,0778,NDALAT,
029,NANDI,156,MOSOP,0779,KABISAGA,
029,NANDI,156,MOSOP,0780,SANGALO/KEBULONIK,
030,BARINGO,157,TIATY,0781,TIRIOKO,
030,BARINGO,157,TIATY,0782,KOLOWA,
030,BARINGO,157,TIATY,0783,RIBKWO,
030,BARINGO,157,TIATY,0784,SILALE,
030,BARINGO,157,TIATY,0785,LOIYAMOROCK,
030,BARINGO,157,TIATY,0786,TANGULBEI/KOROSSI,
030,BARINGO,157,TIATY,0787,CHURO/AMAYA,
030,BARINGO,158,BARINGO  NORTH,0788,BARWESSA,
030,BARINGO,158,BARINGO  NORTH,0789,KABARTONJO,
030,BARINGO,158,BARINGO  NORTH,0790,SAIMO/KIPSARAMAN,
030,BARINGO,158,BARINGO  NORTH,0791,SAIMO/SOI,
030,BARINGO,158,BARINGO  NORTH,0792,BARTABWA,
030,BARINGO,159,BARINGO CENTRAL,0793,KABARNET,
030,BARINGO,159,BARINGO CENTRAL,0794,SACHO,
030,BARINGO,159,BARINGO CENTRAL,0795,TENGES,
030,BARINGO,159,BARINGO CENTRAL,0796,EWALEL/CHAPCHAP,
030,BARINGO,159,BARINGO CENTRAL,0797,KAPROPITA,
030,BARINGO,160,BARINGO SOUTH,0798,MARIGAT,
030,BARINGO,160,BARINGO SOUTH,0799,ILCHAMUS,
030,BARINGO,160,BARINGO SOUTH,0800,MOCHONGOI,
030,BARINGO,160,BARINGO SOUTH,0801,MUKUTANI,
030,BARINGO,161,MOGOTIO,0802,MOGOTIO,
030,BARINGO,161,MOGOTIO,0803,EMINING,
030,BARINGO,161,MOGOTIO,0804,KISANANA,
030,BARINGO,162,ELDAMA RAVINE,0805,LEMBUS,
030,BARINGO,162,ELDAMA RAVINE,0806,LEMBUS KWEN,
030,BARINGO,162,ELDAMA RAVINE,0807,RAVINE,
030,BARINGO,162,ELDAMA RAVINE,0808,MUMBERES/MAJI MAZURI,
030,BARINGO,162,ELDAMA RAVINE,0809,LEMBUS/PERKERRA,
030,BARINGO,162,ELDAMA RAVINE,0810,KOIBATEK,
031,LAIKIPIA,163,LAIKIPIA WEST,0811,OL-MORAN,
031,LAIKIPIA,163,LAIKIPIA WEST,0812,RUMURUTI TOWNSHIP,
031,LAIKIPIA,163,LAIKIPIA WEST,0813,GITHIGA,
031,LAIKIPIA,163,LAIKIPIA WEST,0814,MARMANET,
031,LAIKIPIA,163,LAIKIPIA WEST,0815,IGWAMITI,
031,LAIKIPIA,163,LAIKIPIA WEST,0816,SALAMA,
031,LAIKIPIA,164,LAIKIPIA EAST,0817,NGOBIT,
031,LAIKIPIA,164,LAIKIPIA EAST,0818,TIGITHI,
031,LAIKIPIA,164,LAIKIPIA EAST,0819,THINGITHU,
031,LAIKIPIA,164,LAIKIPIA EAST,0820,NANYUKI,
031,LAIKIPIA,164,LAIKIPIA EAST,0821,UMANDE,
031,LAIKIPIA,165,LAIKIPIA NORTH,0822,SOSIAN,
031,LAIKIPIA,165,LAIKIPIA NORTH,0823,SEGERA,
031,LAIKIPIA,165,LAIKIPIA NORTH,0824,MUGOGODO WEST,
031,LAIKIPIA,165,LAIKIPIA NORTH,0825,MUGOGODO EAST,
032,NAKURU,166,MOLO,0826,MARIASHONI,
032,NAKURU,166,MOLO,0827,ELBURGON,
032,NAKURU,166,MOLO,0828,TURI,
032,NAKURU,166,MOLO,0829,MOLO,
032,NAKURU,167,NJORO,0830,MAU NAROK,
032,NAKURU,167,NJORO,0831,MAUCHE,
032,NAKURU,167,NJORO,0832,KIHINGO,
032,NAKURU,167,NJORO,0833,NESSUIT,
032,NAKURU,167,NJORO,0834,LARE,
032,NAKURU,167,NJORO,0835,NJORO,
032,NAKURU,168,NAIVASHA,0836,BIASHARA,
032,NAKURU,168,NAIVASHA,0837,HELLS GATE,
032,NAKURU,168,NAIVASHA,0838,LAKE VIEW,
032,NAKURU,168,NAIVASHA,0839,MAI MAHIU,
032,NAKURU,168,NAIVASHA,0840,MAIELLA,
032,NAKURU,168,NAIVASHA,0841,OLKARIA,
032,NAKURU,168,NAIVASHA,0842,NAIVASHA EAST,
032,NAKURU,168,NAIVASHA,0843,VIWANDANI,
032,NAKURU,169,GILGIL,0844,GILGIL,
032,NAKURU,169,GILGIL,0845,ELEMENTAITA,
032,NAKURU,169,GILGIL,0846,MBARUK/EBURU,
032,NAKURU,169,GILGIL,0847,MALEWA WEST,
032,NAKURU,169,GILGIL,0848,MURINDATI,
032,NAKURU,170,KURESOI SOUTH,0849,AMALO,
032,NAKURU,170,KURESOI SOUTH,0850,KERINGET,
032,NAKURU,170,KURESOI SOUTH,0851,KIPTAGICH,
032,NAKURU,170,KURESOI SOUTH,0852,TINET,
032,NAKURU,171,KURESOI NORTH,0853,KIPTORORO,
032,NAKURU,171,KURESOI NORTH,0854,NYOTA,
032,NAKURU,171,KURESOI NORTH,0855,SIRIKWA,
032,NAKURU,171,KURESOI NORTH,0856,KAMARA,
032,NAKURU,172,SUBUKIA,0857,SUBUKIA,
032,NAKURU,172,SUBUKIA,0858,WASEGES,
032,NAKURU,172,SUBUKIA,0859,KABAZI,
032,NAKURU,173,RONGAI,0860,MENENGAI WEST,
032,NAKURU,173,RONGAI,0861,SOIN,
032,NAKURU,173,RONGAI,0862,VISOI,
032,NAKURU,173,RONGAI,0863,MOSOP,
032,NAKURU,173,RONGAI,0864,SOLAI,
032,NAKURU,174,BAHATI,0865,DUNDORI,
032,NAKURU,174,BAHATI,0866,KABATINI,
032,NAKURU,174,BAHATI,0867,KIAMAINA,
032,NAKURU,174,BAHATI,0868,LANET/UMOJA,
032,NAKURU,174,BAHATI,0869,BAHATI,
032,NAKURU,175,NAKURU TOWN WEST,0870,BARUT,
032,NAKURU,175,NAKURU TOWN WEST,0871,LONDON,
032,NAKURU,175,NAKURU TOWN WEST,0872,KAPTEMBWO,
032,NAKURU,175,NAKURU TOWN WEST,0873,KAPKURES,
032,NAKURU,175,NAKURU TOWN WEST,0874,RHODA,
032,NAKURU,175,NAKURU TOWN WEST,0875,SHAABAB,
032,NAKURU,176,NAKURU TOWN EAST,0876,BIASHARA,
032,NAKURU,176,NAKURU TOWN EAST,0877,KIVUMBINI,
032,NAKURU,176,NAKURU TOWN EAST,0878,FLAMINGO,
032,NAKURU,176,NAKURU TOWN EAST,0879,MENENGAI,
032,NAKURU,176,NAKURU TOWN EAST,0880,NAKURU EAST,
033,NAROK,177,KILGORIS,0881,KILGORIS CENTRAL,
033,NAROK,177,KILGORIS,0882,KEYIAN,
033,NAROK,177,KILGORIS,0883,ANGATA BARIKOI,
033,NAROK,177,KILGORIS,0884,SHANKOE,
033,NAROK,177,KILGORIS,0885,KIMINTET,
033,NAROK,177,KILGORIS,0886,LOLGORIAN,
033,NAROK,178,EMURUA DIKIRR,0887,ILKERIN,
033,NAROK,178,EMURUA DIKIRR,0888,OLOlMASANI,
033,NAROK,178,EMURUA DIKIRR,0889,MOGONDO,
033,NAROK,178,EMURUA DIKIRR,0890,KAPSASIAN,
033,NAROK,179,NAROK NORTH,0891,OLPUSIMORU,
033,NAROK,179,NAROK NORTH,0892,OLOKURTO,
033,NAROK,179,NAROK NORTH,0893,NAROK TOWN,
033,NAROK,179,NAROK NORTH,0894,NKARETA,
033,NAROK,179,NAROK NORTH,0895,OLORROPIL,
033,NAROK,179,NAROK NORTH,0896,MELILI,
033,NAROK,180,NAROK EAST,0897,MOSIRO,
033,NAROK,180,NAROK EAST,0898,ILDAMAT,
033,NAROK,180,NAROK EAST,0899,KEEKONYOKIE,
033,NAROK,180,NAROK EAST,0900,SUSWA,
033,NAROK,181,NAROK SOUTH,0901,MAJIMOTO/NAROOSURA,
033,NAROK,181,NAROK SOUTH,0902,OLOLULUNG'A,
033,NAROK,181,NAROK SOUTH,0903,MELELO,
033,NAROK,181,NAROK SOUTH,0904,LOITA,
033,NAROK,181,NAROK SOUTH,0905,SOGOO,
033,NAROK,181,NAROK SOUTH,0906,SAGAMIAN,
033,NAROK,182,NAROK WEST,0907,ILMOTIOK,
033,NAROK,182,NAROK WEST,0908,MARA,
033,NAROK,182,NAROK WEST,0909,SIANA,
033,NAROK,182,NAROK WEST,0910,NAIKARRA,
034,KAJIADO,183,KAJIADO NORTH,0911,OLKERI,
034,KAJIADO,183,KAJIADO NORTH,0912,ONGATA RONGAI,
034,KAJIADO,183,KAJIADO NORTH,0913,NKAIMURUNYA,
034,KAJIADO,183,KAJIADO NORTH,0914,OLOOLUA,
034,KAJIADO,183,KAJIADO NORTH,0915,NGONG,
034,KAJIADO,184,KAJIADO CENTRAL,0916,PURKO,
034,KAJIADO,184,KAJIADO CENTRAL,0917,ILDAMAT,
034,KAJIADO,184,KAJIADO CENTRAL,0918,DALALEKUTUK,
034,KAJIADO,184,KAJIADO CENTRAL,0919,MATAPATO NORTH,
034,KAJIADO,184,KAJIADO CENTRAL,0920,MATAPATO SOUTH,
034,KAJIADO,185,KAJIADO EAST,0921,KAPUTIEI NORTH,
034,KAJIADO,185,KAJIADO EAST,0922,KITENGELA,
034,KAJIADO,185,KAJIADO EAST,0923,OLOOSIRKON/SHOLINKE,
034,KAJIADO,185,KAJIADO EAST,0924,KENYAWA-POKA,
034,KAJIADO,185,KAJIADO EAST,0925,IMARORO,
034,KAJIADO,186,KAJIADO WEST,0926,KEEKONYOKIE,
034,KAJIADO,186,KAJIADO WEST,0927,ILOODOKILANI,
034,KAJIADO,186,KAJIADO WEST,0928,MAGADI,
034,KAJIADO,186,KAJIADO WEST,0929,EWUASO OoNKIDONG'I,
034,KAJIADO,186,KAJIADO WEST,0930,MOSIRO,
034,KAJIADO,187,KAJIADO SOUTH,0931,ENTONET/LENKISIM,
034,KAJIADO,187,KAJIADO SOUTH,0932,MBIRIKANI/ESELENKEI,
034,KAJIADO,187,KAJIADO SOUTH,0933,KUKU,
034,KAJIADO,187,KAJIADO SOUTH,0934,ROMBO,
034,KAJIADO,187,KAJIADO SOUTH,0935,KIMANA,
035,KERICHO,188,KIPKELION EAST,0936,LONDIANI,
035,KERICHO,188,KIPKELION EAST,0937,KEDOWA/KIMUGUL,
035,KERICHO,188,KIPKELION EAST,0938,CHEPSEON,
035,KERICHO,188,KIPKELION EAST,0939,TENDENO/SORGET,
035,KERICHO,189,KIPKELION WEST,0940,KUNYAK,
035,KERICHO,189,KIPKELION WEST,0941,KAMASIAN,
035,KERICHO,189,KIPKELION WEST,0942,KIPKELION,
035,KERICHO,189,KIPKELION WEST,0943,CHILCHILA,
035,KERICHO,190,AINAMOI,0944,KAPSOIT,
035,KERICHO,190,AINAMOI,0945,AINAMOI,
035,KERICHO,190,AINAMOI,0946,KAPKUGERWET,
035,KERICHO,190,AINAMOI,0947,KIPCHEBOR,
035,KERICHO,190,AINAMOI,0948,KIPCHIMCHIM,
035,KERICHO,190,AINAMOI,0949,KAPSAOS,
035,KERICHO,191,BURETI,0950,KISIARA,
035,KERICHO,191,BURETI,0951,TEBESONIK,
035,KERICHO,191,BURETI,0952,CHEBOIN,
035,KERICHO,191,BURETI,0953,CHEMOSOT,
035,KERICHO,191,BURETI,0954,LITEIN,
035,KERICHO,191,BURETI,0955,CHEPLANGET,
035,KERICHO,191,BURETI,0956,KAPKATET,
035,KERICHO,192,BELGUT,0957,WALDAI,
035,KERICHO,192,BELGUT,0958,KABIANGA,
035,KERICHO,192,BELGUT,0959,CHEPTORORIET/SERETUT,
035,KERICHO,192,BELGUT,0960,CHAIK,
035,KERICHO,192,BELGUT,0961,KAPSUSER,
035,KERICHO,193,SIGOWET/SOIN,0962,SIGOWET,
035,KERICHO,193,SIGOWET/SOIN,0963,KAPLELARTET,
035,KERICHO,193,SIGOWET/SOIN,0964,SOLIAT,
035,KERICHO,193,SIGOWET/SOIN,0965,SOIN,
036,BOMET,194,SOTIK,0966,NDANAI/ABOSI,
036,BOMET,194,SOTIK,0967,CHEMAGEL,
036,BOMET,194,SOTIK,0968,KIPSONOI,
036,BOMET,194,SOTIK,0969,KAPLETUNDO,
036,BOMET,194,SOTIK,0970,RONGENA/MANARET,
036,BOMET,195,CHEPALUNGU,0971,KONG'ASIS,
036,BOMET,195,CHEPALUNGU,0972,NYANGORES,
036,BOMET,195,CHEPALUNGU,0973,SIGOR,
036,BOMET,195,CHEPALUNGU,0974,CHEBUNYO,
036,BOMET,195,CHEPALUNGU,0975,SIONGIROI,
036,BOMET,196,BOMET EAST,0976,MERIGI,
036,BOMET,196,BOMET EAST,0977,KEMBU,
036,BOMET,196,BOMET EAST,0978,LONGISA,
036,BOMET,196,BOMET EAST,0979,KIPRERES,
036,BOMET,196,BOMET EAST,0980,CHEMANER,
036,BOMET,197,BOMET CENTRAL,0981,SILIBWET TOWNSHIP,
036,BOMET,197,BOMET CENTRAL,0982,NDARAWETA,
036,BOMET,197,BOMET CENTRAL,0983,SINGORWET,
036,BOMET,197,BOMET CENTRAL,0984,CHESOEN,
036,BOMET,197,BOMET CENTRAL,0985,MUTARAKWA,
036,BOMET,198,KONOIN,0986,CHEPCHABAS,
036,BOMET,198,KONOIN,0987,KIMULOT,
036,BOMET,198,KONOIN,0988,MOGOGOSIEK,
036,BOMET,198,KONOIN,0989,BOITO,
036,BOMET,198,KONOIN,0990,EMBOMOS,
037,KAKAMEGA,199,LUGARI,0991,MAUTUMA,
037,KAKAMEGA,199,LUGARI,0992,LUGARI,
037,KAKAMEGA,199,LUGARI,0993,LUMAKANDA,
037,KAKAMEGA,199,LUGARI,0994,CHEKALINI,
037,KAKAMEGA,199,LUGARI,0995,CHEVAYWA,
037,KAKAMEGA,199,LUGARI,0996,LWANDETI,
037,KAKAMEGA,200,LIKUYANI,0997,LIKUYANI,
037,KAKAMEGA,200,LIKUYANI,0998,SANGO,
037,KAKAMEGA,200,LIKUYANI,0999,KONGONI,
037,KAKAMEGA,200,LIKUYANI,1000,NZOIA,
037,KAKAMEGA,200,LIKUYANI,1001,SINOKO,
037,KAKAMEGA,201,MALAVA,1002,WEST KABRAS,
037,KAKAMEGA,201,MALAVA,1003,CHEMUCHE,
037,KAKAMEGA,201,MALAVA,1004,EAST KABRAS,
037,KAKAMEGA,201,MALAVA,1005,BUTALI/CHEGULO,
037,KAKAMEGA,201,MALAVA,1006,MANDA-SHIVANGA,
037,KAKAMEGA,201,MALAVA,1007,SHIRUGU-MUGAI,
037,KAKAMEGA,201,MALAVA,1008,SOUTH KABRAS,
037,KAKAMEGA,202,LURAMBI,1009,BUTSOTSO EAST,
037,KAKAMEGA,202,LURAMBI,1010,BUTSOTSO SOUTH,
037,KAKAMEGA,202,LURAMBI,1011,BUTSOTSO CENTRAL,
037,KAKAMEGA,202,LURAMBI,1012,SHEYWE,
037,KAKAMEGA,202,LURAMBI,1013,MAHIAKALO,
037,KAKAMEGA,202,LURAMBI,1014,SHIRERE,
037,KAKAMEGA,203,NAVAKHOLO,1015,INGOSTSE-MATHIA,
037,KAKAMEGA,203,NAVAKHOLO,1016,SHINOYI-SHIKOMARI-ESUMEYIA,
037,KAKAMEGA,203,NAVAKHOLO,1017,BUNYALA WEST,
037,KAKAMEGA,203,NAVAKHOLO,1018,BUNYALA EAST,
037,KAKAMEGA,203,NAVAKHOLO,1019,BUNYALA CENTRAL,
037,KAKAMEGA,204,MUMIAS WEST,1020,MUMIAS CENTRAL,
037,KAKAMEGA,204,MUMIAS WEST,1021,MUMIAS NORTH,
037,KAKAMEGA,204,MUMIAS WEST,1022,ETENJE,
037,KAKAMEGA,204,MUMIAS WEST,1023,MUSANDA,
037,KAKAMEGA,205,MUMIAS EAST,1024,LUSHEYA/LUBINU,
037,KAKAMEGA,205,MUMIAS EAST,1025,MALAHA/ISONGO/MAKUNGA,
037,KAKAMEGA,205,MUMIAS EAST,1026,EAST WANGA,
037,KAKAMEGA,206,MATUNGU,1027,KOYONZO,
037,KAKAMEGA,206,MATUNGU,1028,KHOLERA,
037,KAKAMEGA,206,MATUNGU,1029,KHALABA,
037,KAKAMEGA,206,MATUNGU,1030,MAYONI,
037,KAKAMEGA,206,MATUNGU,1031,NAMAMALI,
037,KAKAMEGA,207,BUTERE,1032,MARAMA WEST,
037,KAKAMEGA,207,BUTERE,1033,MARAMA CENTRAL,
037,KAKAMEGA,207,BUTERE,1034,MARENYO - SHIANDA,
037,KAKAMEGA,207,BUTERE,1035,MARAMA NORTH,
037,KAKAMEGA,207,BUTERE,1036,MARAMA SOUTH,
037,KAKAMEGA,208,KHWISERO,1037,KISA NORTH,
037,KAKAMEGA,208,KHWISERO,1038,KISA EAST,
037,KAKAMEGA,208,KHWISERO,1039,KISA WEST,
037,KAKAMEGA,208,KHWISERO,1040,KISA CENTRAL,
037,KAKAMEGA,209,SHINYALU,1041,ISUKHA NORTH,
037,KAKAMEGA,209,SHINYALU,1042,MURHANDA,
037,KAKAMEGA,209,SHINYALU,1043,ISUKHA CENTRAL,
037,KAKAMEGA,209,SHINYALU,1044,ISUKHA SOUTH,
037,KAKAMEGA,209,SHINYALU,1045,ISUKHA EAST,
037,KAKAMEGA,209,SHINYALU,1046,ISUKHA WEST,
037,KAKAMEGA,210,IKOLOMANI,1047,IDAKHO SOUTH,
037,KAKAMEGA,210,IKOLOMANI,1048,IDAKHO EAST,
037,KAKAMEGA,210,IKOLOMANI,1049,IDAKHO NORTH,
037,KAKAMEGA,210,IKOLOMANI,1050,IDAKHO CENTRAL,
038,VIHIGA,211,VIHIGA,1051,LUGAGA-WAMULUMA,
038,VIHIGA,211,VIHIGA,1052,SOUTH MARAGOLI,
038,VIHIGA,211,VIHIGA,1053,CENTRAL MARAGOLI,
038,VIHIGA,211,VIHIGA,1054,MUNGOMA,
038,VIHIGA,212,SABATIA,1055,LYADUYWA/IZAVA,
038,VIHIGA,212,SABATIA,1056,WEST SABATIA,
038,VIHIGA,212,SABATIA,1057,CHAVAKALI,
038,VIHIGA,212,SABATIA,1058,NORTH MARAGOLI,
038,VIHIGA,212,SABATIA,1059,WODANGA,
038,VIHIGA,212,SABATIA,1060,BUSALI,
038,VIHIGA,213,HAMISI,1061,SHIRU,
038,VIHIGA,213,HAMISI,1062,GISAMBAI,
038,VIHIGA,213,HAMISI,1063,SHAMAKHOKHO,
038,VIHIGA,213,HAMISI,1064,BANJA,
038,VIHIGA,213,HAMISI,1065,MUHUDU,
038,VIHIGA,213,HAMISI,1066,TAMBUA,
038,VIHIGA,213,HAMISI,1067,JEPKOYAI,
038,VIHIGA,214,LUANDA,1068,LUANDA TOWNSHIP,
038,VIHIGA,214,LUANDA,1069,WEMILABI,
038,VIHIGA,214,LUANDA,1070,MWIBONA,
038,VIHIGA,214,LUANDA,1071,LUANDA SOUTH,
038,VIHIGA,214,LUANDA,1072,EMABUNGO,
038,VIHIGA,215,EMUHAYA,1073,NORTH EAST BUNYORE,
038,VIHIGA,215,EMUHAYA,1074,CENTRAL BUNYORE,
038,VIHIGA,215,EMUHAYA,1075,WEST BUNYORE,
039,BUNGOMA,216,MT. ELGON,1076,CHEPTAIS,
039,BUNGOMA,216,MT. ELGON,1077,CHESIKAKI,
039,BUNGOMA,216,MT. ELGON,1078,CHEPYUK,
039,BUNGOMA,216,MT. ELGON,1079,KAPKATENY,
039,BUNGOMA,216,MT. ELGON,1080,KAPTAMA,
039,BUNGOMA,216,MT. ELGON,1081,ELGON,
039,BUNGOMA,217,SIRISIA,1082,NAMWELA,
039,BUNGOMA,217,SIRISIA,1083,MALAKISI/SOUTH KULISIRU,
039,BUNGOMA,217,SIRISIA,1084,LWANDANYI,
039,BUNGOMA,218,KABUCHAI,1085,KABUCHAI/CHWELE,
039,BUNGOMA,218,KABUCHAI,1086,WEST NALONDO,
039,BUNGOMA,218,KABUCHAI,1087,BWAKE/LUUYA,
039,BUNGOMA,218,KABUCHAI,1088,MUKUYUNI,
039,BUNGOMA,219,BUMULA,1089,SOUTH BUKUSU,
039,BUNGOMA,219,BUMULA,1090,BUMULA,
039,BUNGOMA,219,BUMULA,1091,KHASOKO,
039,BUNGOMA,219,BUMULA,1092,KABULA,
039,BUNGOMA,219,BUMULA,1093,KIMAETI,
039,BUNGOMA,219,BUMULA,1094,WEST BUKUSU,
039,BUNGOMA,219,BUMULA,1095,SIBOTI,
039,BUNGOMA,220,KANDUYI,1096,BUKEMBE WEST,
039,BUNGOMA,220,KANDUYI,1097,BUKEMBE EAST,
039,BUNGOMA,220,KANDUYI,1098,TOWNSHIP,
039,BUNGOMA,220,KANDUYI,1099,KHALABA,
039,BUNGOMA,220,KANDUYI,1100,MUSIKOMA,
039,BUNGOMA,220,KANDUYI,1101,EAST SANG'ALO,
039,BUNGOMA,220,KANDUYI,1102,MARAKARU/TUUTI,
039,BUNGOMA,220,KANDUYI,1103,WEST SANG'ALO,
039,BUNGOMA,221,WEBUYE EAST,1104,MIHUU,
039,BUNGOMA,221,WEBUYE EAST,1105,NDIVISI,
039,BUNGOMA,221,WEBUYE EAST,1106,MARAKA,
039,BUNGOMA,222,WEBUYE WEST,1107,MISIKHU,
039,BUNGOMA,222,WEBUYE WEST,1108,SITIKHO,
039,BUNGOMA,222,WEBUYE WEST,1109,MATULO,
039,BUNGOMA,222,WEBUYE WEST,1110,BOKOLI,
039,BUNGOMA,223,KIMILILI,1111,KIBINGEI,
039,BUNGOMA,223,KIMILILI,1112,KIMILILI,
039,BUNGOMA,223,KIMILILI,1113,MAENI,
039,BUNGOMA,223,KIMILILI,1114,KAMUKUYWA,
039,BUNGOMA,224,TONGAREN,1115,MBAKALO,
039,BUNGOMA,224,TONGAREN,1116,NAITIRI/KABUYEFWE,
039,BUNGOMA,224,TONGAREN,1117,MILIMA,
039,BUNGOMA,224,TONGAREN,1118,NDALU/ TABANI,
039,BUNGOMA,224,TONGAREN,1119,TONGAREN,
039,BUNGOMA,224,TONGAREN,1120,SOYSAMBU/ MITUA,
040,BUSIA,225,TESO NORTH,1121,MALABA CENTRAL,
040,BUSIA,225,TESO NORTH,1122,MALABA NORTH,
040,BUSIA,225,TESO NORTH,1123,ANG'URAI SOUTH,
040,BUSIA,225,TESO NORTH,1124,ANG'URAI NORTH,
040,BUSIA,225,TESO NORTH,1125,ANG'URAI EAST,
040,BUSIA,225,TESO NORTH,1126,MALABA SOUTH,
040,BUSIA,226,TESO SOUTH,1127,ANG'OROM,
040,BUSIA,226,TESO SOUTH,1128,CHAKOL SOUTH,
040,BUSIA,226,TESO SOUTH,1129,CHAKOL NORTH,
040,BUSIA,226,TESO SOUTH,1130,AMUKURA WEST,
040,BUSIA,226,TESO SOUTH,1131,AMUKURA EAST,
040,BUSIA,226,TESO SOUTH,1132,AMUKURA CENTRAL,
040,BUSIA,227,NAMBALE,1133,NAMBALE TOWNSHIP,
040,BUSIA,227,NAMBALE,1134,BUKHAYO NORTH/WALTSI,
040,BUSIA,227,NAMBALE,1135,BUKHAYO EAST,
040,BUSIA,227,NAMBALE,1136,BUKHAYO CENTRAL,
040,BUSIA,228,MATAYOS,1137,BUKHAYO WEST,
040,BUSIA,228,MATAYOS,1138,MAYENJE,
040,BUSIA,228,MATAYOS,1139,MATAYOS SOUTH,
040,BUSIA,228,MATAYOS,1140,BUSIBWABO,
040,BUSIA,228,MATAYOS,1141,BURUMBA,
040,BUSIA,229,BUTULA,1142,MARACHI WEST,
040,BUSIA,229,BUTULA,1143,KINGANDOLE,
040,BUSIA,229,BUTULA,1144,MARACHI CENTRAL,
040,BUSIA,229,BUTULA,1145,MARACHI EAST,
040,BUSIA,229,BUTULA,1146,MARACHI NORTH,
040,BUSIA,229,BUTULA,1147,ELUGULU,
040,BUSIA,230,FUNYULA,1148,NAMBOBOTO NAMBUKU,
040,BUSIA,230,FUNYULA,1149,NANGINA,
040,BUSIA,230,FUNYULA,1150,AGENG'A NANGUBA,
040,BUSIA,230,FUNYULA,1151,BWIRI,
040,BUSIA,231,BUDALANGI,1152,BUNYALA CENTRAL,
040,BUSIA,231,BUDALANGI,1153,BUNYALA NORTH,
040,BUSIA,231,BUDALANGI,1154,BUNYALA WEST,
040,BUSIA,231,BUDALANGI,1155,BUNYALA SOUTH,
041,SIAYA,232,UGENYA,1156,WEST UGENYA,
041,SIAYA,232,UGENYA,1157,UKWALA,
041,SIAYA,232,UGENYA,1158,NORTH UGENYA,
041,SIAYA,232,UGENYA,1159,EAST UGENYA,
041,SIAYA,233,UGUNJA,1160,SIDINDI,
041,SIAYA,233,UGUNJA,1161,SIGOMERE,
041,SIAYA,233,UGUNJA,1162,UGUNJA,
041,SIAYA,234,ALEGO USONGA,1163,USONGA,
041,SIAYA,234,ALEGO USONGA,1164,WEST ALEGO,
041,SIAYA,234,ALEGO USONGA,1165,CENTRAL ALEGO,
041,SIAYA,234,ALEGO USONGA,1166,SIAYA TOWNSHIP,
041,SIAYA,234,ALEGO USONGA,1167,NORTH ALEGO,
041,SIAYA,234,ALEGO USONGA,1168,SOUTH EAST ALEGO,
041,SIAYA,235,GEM,1169,NORTH GEM,
041,SIAYA,235,GEM,1170,WEST GEM,
041,SIAYA,235,GEM,1171,CENTRAL GEM,
041,SIAYA,235,GEM,1172,YALA TOWNSHIP,
041,SIAYA,235,GEM,1173,EAST GEM,
041,SIAYA,235,GEM,1174,SOUTH GEM,
041,SIAYA,236,BONDO,1175,WEST YIMBO,
041,SIAYA,236,BONDO,1176,CENTRAL SAKWA,
041,SIAYA,236,BONDO,1177,SOUTH SAKWA,
041,SIAYA,236,BONDO,1178,YIMBO EAST,
041,SIAYA,236,BONDO,1179,WEST SAKWA,
041,SIAYA,236,BONDO,1180,NORTH SAKWA,
041,SIAYA,237,RARIEDA,1181,EAST ASEMBO,
041,SIAYA,237,RARIEDA,1182,WEST ASEMBO,
041,SIAYA,237,RARIEDA,1183,NORTH UYOMA,
041,SIAYA,237,RARIEDA,1184,SOUTH UYOMA,
041,SIAYA,237,RARIEDA,1185,WEST UYOMA,
042,KISUMU,238,KISUMU EAST,1186,KAJULU,
042,KISUMU,238,KISUMU EAST,1187,KOLWA EAST,
042,KISUMU,238,KISUMU EAST,1188,MANYATTA 'B',
042,KISUMU,238,KISUMU EAST,1189,NYALENDA 'A',
042,KISUMU,238,KISUMU EAST,1190,KOLWA CENTRAL,
042,KISUMU,239,KISUMU WEST,1191,SOUTH WEST KISUMU,
042,KISUMU,239,KISUMU WEST,1192,CENTRAL KISUMU,
042,KISUMU,239,KISUMU WEST,1193,KISUMU NORTH,
042,KISUMU,239,KISUMU WEST,1194,WEST KISUMU,
042,KISUMU,239,KISUMU WEST,1195,NORTH WEST KISUMU,
042,KISUMU,240,KISUMU CENTRAL,1196,RAILWAYS,
042,KISUMU,240,KISUMU CENTRAL,1197,MIGOSI,
042,KISUMU,240,KISUMU CENTRAL,1198,SHAURIMOYO KALOLENI,
042,KISUMU,240,KISUMU CENTRAL,1199,MARKET MILIMANI,
042,KISUMU,240,KISUMU CENTRAL,1200,KONDELE,
042,KISUMU,240,KISUMU CENTRAL,1201,NYALENDA B,
042,KISUMU,241,SEME,1202,WEST SEME,
042,KISUMU,241,SEME,1203,CENTRAL SEME,
042,KISUMU,241,SEME,1204,EAST SEME,
042,KISUMU,241,SEME,1205,NORTH SEME,
042,KISUMU,242,NYANDO,1206,EAST KANO/WAWIDHI,
042,KISUMU,242,NYANDO,1207,AWASI/ONJIKO,
042,KISUMU,242,NYANDO,1208,AHERO,
042,KISUMU,242,NYANDO,1209,KABONYO/KANYAGWAL,
042,KISUMU,242,NYANDO,1210,KOBURA,
042,KISUMU,243,MUHORONI,1211,MIWANI,
042,KISUMU,243,MUHORONI,1212,OMBEYI,
042,KISUMU,243,MUHORONI,1213,MASOGO/NYANG'OMA,
042,KISUMU,243,MUHORONI,1214,CHEMELIL,
042,KISUMU,243,MUHORONI,1215,MUHORONI/KORU,
042,KISUMU,244,NYAKACH,1216,SOUTH WEST NYAKACH,
042,KISUMU,244,NYAKACH,1217,NORTH NYAKACH,
042,KISUMU,244,NYAKACH,1218,CENTRAL NYAKACH,
042,KISUMU,244,NYAKACH,1219,WEST NYAKACH,
042,KISUMU,244,NYAKACH,1220,SOUTH EAST NYAKACH,
043,HOMA BAY,245,KASIPUL,1221,WEST KASIPUL,
043,HOMA BAY,245,KASIPUL,1222,SOUTH KASIPUL,
043,HOMA BAY,245,KASIPUL,1223,CENTRAL KASIPUL,
043,HOMA BAY,245,KASIPUL,1224,EAST KAMAGAK,
043,HOMA BAY,245,KASIPUL,1225,WEST KAMAGAK,
043,HOMA BAY,246,KABONDO KASIPUL,1226,KABONDO EAST,
043,HOMA BAY,246,KABONDO KASIPUL,1227,KABONDO WEST,
043,HOMA BAY,246,KABONDO KASIPUL,1228,KOKWANYO/KAKELO,
043,HOMA BAY,246,KABONDO KASIPUL,1229,KOJWACH,
043,HOMA BAY,247,KARACHUONYO,1230,WEST KARACHUONYO,
043,HOMA BAY,247,KARACHUONYO,1231,NORTH KARACHUONYO,
043,HOMA BAY,247,KARACHUONYO,1232,CENTRAL,
043,HOMA BAY,247,KARACHUONYO,1233,KANYALUO,
043,HOMA BAY,247,KARACHUONYO,1234,KIBIRI,
043,HOMA BAY,247,KARACHUONYO,1235,WANGCHIENG,
043,HOMA BAY,247,KARACHUONYO,1236,KENDU BAY TOWN,
043,HOMA BAY,248,RANGWE,1237,WEST GEM,
043,HOMA BAY,248,RANGWE,1238,EAST GEM,
043,HOMA BAY,248,RANGWE,1239,KAGAN,
043,HOMA BAY,248,RANGWE,1240,KOCHIA,
043,HOMA BAY,249,HOMA BAY TOWN,1241,HOMA BAY CENTRAL,
043,HOMA BAY,249,HOMA BAY TOWN,1242,HOMA BAY ARUJO,
043,HOMA BAY,249,HOMA BAY TOWN,1243,HOMA BAY WEST,
043,HOMA BAY,249,HOMA BAY TOWN,1244,HOMA BAY EAST,
043,HOMA BAY,250,NDHIWA,1245,KWABWAI,
043,HOMA BAY,250,NDHIWA,1246,KANYADOTO,
043,HOMA BAY,250,NDHIWA,1247,KANYIKELA,
043,HOMA BAY,250,NDHIWA,1248,KABUOCH NORTH,
043,HOMA BAY,250,NDHIWA,1249,KABUOCH SOUTH/PALA,
043,HOMA BAY,250,NDHIWA,1250,KANYAMWA KOLOGI,
043,HOMA BAY,250,NDHIWA,1251,KANYAMWA KOSEWE,
043,HOMA BAY,251,SUBA NORTH,1252,MFANGANO ISLAND,
043,HOMA BAY,251,SUBA NORTH,1253,RUSINGA ISLAND,
043,HOMA BAY,251,SUBA NORTH,1254,KASGUNGA,
043,HOMA BAY,251,SUBA NORTH,1255,GEMBE,
043,HOMA BAY,251,SUBA NORTH,1256,LAMBWE,
043,HOMA BAY,252,SUBA SOUTH,1257,GWASSI SOUTH,
043,HOMA BAY,252,SUBA SOUTH,1258,GWASSI NORTH,
043,HOMA BAY,252,SUBA SOUTH,1259,KAKSINGRI WEST,
043,HOMA BAY,252,SUBA SOUTH,1260,RUMA-KAKSINGRI,
044,MIGORI,253,RONGO,1261,NORTH KAMAGAMBO,
044,MIGORI,253,RONGO,1262,CENTRAL KAMAGAMBO,
044,MIGORI,253,RONGO,1263,EAST KAMAGAMBO,
044,MIGORI,253,RONGO,1264,SOUTH KAMAGAMBO,
044,MIGORI,254,AWENDO,1265,NORTH SAKWA,
044,MIGORI,254,AWENDO,1266,SOUTH SAKWA,
044,MIGORI,254,AWENDO,1267,WEST SAKWA,
044,MIGORI,254,AWENDO,1268,CENTRAL SAKWA,
044,MIGORI,255,SUNA EAST,1269,GOD JOPE,
044,MIGORI,255,SUNA EAST,1270,SUNA CENTRAL,
044,MIGORI,255,SUNA EAST,1271,KAKRAO,
044,MIGORI,255,SUNA EAST,1272,KWA,
044,MIGORI,256,SUNA WEST,1273,WIGA,
044,MIGORI,256,SUNA WEST,1274,WASWETA II,
044,MIGORI,256,SUNA WEST,1275,RAGANA-ORUBA,
044,MIGORI,256,SUNA WEST,1276,WASIMBETE,
044,MIGORI,257,URIRI,1277,WEST KANYAMKAGO,
044,MIGORI,257,URIRI,1278,NORTH KANYAMKAGO,
044,MIGORI,257,URIRI,1279,CENTRAL KANYAMKAGO,
044,MIGORI,257,URIRI,1280,SOUTH KANYAMKAGO,
044,MIGORI,257,URIRI,1281,EAST KANYAMKAGO,
044,MIGORI,258,NYATIKE,1282,KACHIEN'G,
044,MIGORI,258,NYATIKE,1283,KANYASA,
044,MIGORI,258,NYATIKE,1284,NORTH KADEM,
044,MIGORI,258,NYATIKE,1285,MACALDER/KANYARWANDA,
044,MIGORI,258,NYATIKE,1286,KALER,
044,MIGORI,258,NYATIKE,1287,GOT KACHOLA,
044,MIGORI,258,NYATIKE,1288,MUHURU,
044,MIGORI,259,KURIA WEST,1289,BUKIRA EAST,
044,MIGORI,259,KURIA WEST,1290,BUKIRA CENTRL/IKEREGE,
044,MIGORI,259,KURIA WEST,1291,ISIBANIA,
044,MIGORI,259,KURIA WEST,1292,MAKERERO,
044,MIGORI,259,KURIA WEST,1293,MASABA,
044,MIGORI,259,KURIA WEST,1294,TAGARE,
044,MIGORI,259,KURIA WEST,1295,NYAMOSENSE/KOMOSOKO,
044,MIGORI,260,KURIA EAST,1296,GOKEHARAKA/GETAMBWEGA,
044,MIGORI,260,KURIA EAST,1297,NTIMARU WEST,
044,MIGORI,260,KURIA EAST,1298,NTIMARU EAST,
044,MIGORI,260,KURIA EAST,1299,NYABASI EAST,
044,MIGORI,260,KURIA EAST,1300,NYABASI WEST,
045,KISII,261,BONCHARI,1301,BOMARIBA,
045,KISII,261,BONCHARI,1302,BOGIAKUMU,
045,KISII,261,BONCHARI,1303,BOMORENDA,
045,KISII,261,BONCHARI,1304,RIANA,
045,KISII,262,SOUTH MUGIRANGO,1305,TABAKA,
045,KISII,262,SOUTH MUGIRANGO,1306,BOIKANG'A,
045,KISII,262,SOUTH MUGIRANGO,1307,BOGETENGA,
045,KISII,262,SOUTH MUGIRANGO,1308,BORABU / CHITAGO,
045,KISII,262,SOUTH MUGIRANGO,1309,MOTICHO,
045,KISII,262,SOUTH MUGIRANGO,1310,GETENGA,
045,KISII,263,BOMACHOGE BORABU,1311,BOMBABA BORABU,
045,KISII,263,BOMACHOGE BORABU,1312,BOOCHI BORABU,
045,KISII,263,BOMACHOGE BORABU,1313,BOKIMONGE,
045,KISII,263,BOMACHOGE BORABU,1314,MAGENCHE,
045,KISII,264,BOBASI,1315,MASIGE WEST,
045,KISII,264,BOBASI,1316,MASIGE EAST,
045,KISII,264,BOBASI,1317,BASI CENTRAL,
045,KISII,264,BOBASI,1318,NYACHEKI,
045,KISII,264,BOBASI,1319,BASI BOGETAORIO,
045,KISII,264,BOBASI,1320,BOBASI CHACHE,
045,KISII,264,BOBASI,1321,SAMETA/MOKWERERO,
045,KISII,264,BOBASI,1322,BOBASI BOITANGARE,
045,KISII,265,BOMACHOGE CHACHE,1323,MAJOGE BASI,
045,KISII,265,BOMACHOGE CHACHE,1324,BOOCHI/TENDERE,
045,KISII,265,BOMACHOGE CHACHE,1325,BOSOTI/SENGERA,
045,KISII,266,NYARIBARI MASABA,1326,ICHUNI,
045,KISII,266,NYARIBARI MASABA,1327,NYAMASIBI,
045,KISII,266,NYARIBARI MASABA,1328,MASIMBA,
045,KISII,266,NYARIBARI MASABA,1329,GESUSU,
045,KISII,266,NYARIBARI MASABA,1330,KIAMOKAMA,
045,KISII,267,NYARIBARI CHACHE,1331,BOBARACHO,
045,KISII,267,NYARIBARI CHACHE,1332,KISII CENTRAL,
045,KISII,267,NYARIBARI CHACHE,1333,KEUMBU,
045,KISII,267,NYARIBARI CHACHE,1334,KIOGORO,
045,KISII,267,NYARIBARI CHACHE,1335,BIRONGO,
045,KISII,267,NYARIBARI CHACHE,1336,IBENO,
045,KISII,268,KITUTU CHACHE NORTH,1337,MONYERERO,
045,KISII,268,KITUTU CHACHE NORTH,1338,SENSI,
045,KISII,268,KITUTU CHACHE NORTH,1339,MARANI,
045,KISII,268,KITUTU CHACHE NORTH,1340,KEGOGI,
045,KISII,269,KITUTU CHACHE SOUTH,1341,BOGUSERO,
045,KISII,269,KITUTU CHACHE SOUTH,1342,BOGEKA,
045,KISII,269,KITUTU CHACHE SOUTH,1343,NYAKOE,
045,KISII,269,KITUTU CHACHE SOUTH,1344,KITUTU   CENTRAL,
045,KISII,269,KITUTU CHACHE SOUTH,1345,NYATIEKO,
046,NYAMIRA,270,KITUTU MASABA,1346,RIGOMA,
046,NYAMIRA,270,KITUTU MASABA,1347,GACHUBA,
046,NYAMIRA,270,KITUTU MASABA,1348,KEMERA,
046,NYAMIRA,270,KITUTU MASABA,1349,MAGOMBO,
046,NYAMIRA,270,KITUTU MASABA,1350,MANGA,
046,NYAMIRA,270,KITUTU MASABA,1351,GESIMA,
046,NYAMIRA,271,WEST MUGIRANGO,1352,NYAMAIYA,
046,NYAMIRA,271,WEST MUGIRANGO,1353,BOGICHORA,
046,NYAMIRA,271,WEST MUGIRANGO,1354,BOSAMARO,
046,NYAMIRA,271,WEST MUGIRANGO,1355,BONYAMATUTA,
046,NYAMIRA,271,WEST MUGIRANGO,1356,TOWNSHIP,
046,NYAMIRA,272,NORTH MUGIRANGO,1357,ITIBO,
046,NYAMIRA,272,NORTH MUGIRANGO,1358,BOMWAGAMO,
046,NYAMIRA,272,NORTH MUGIRANGO,1359,BOKEIRA,
046,NYAMIRA,272,NORTH MUGIRANGO,1360,MAGWAGWA,
046,NYAMIRA,272,NORTH MUGIRANGO,1361,EKERENYO,
046,NYAMIRA,273,BORABU,1362,MEKENENE,
046,NYAMIRA,273,BORABU,1363,KIABONYORU,
046,NYAMIRA,273,BORABU,1364,NYANSIONGO,
046,NYAMIRA,273,BORABU,1365,ESISE,
047,NAIROBI CITY,274,WESTLANDS,1366,KITISURU,
047,NAIROBI CITY,274,WESTLANDS,1367,PARKLANDS/HIGHRIDGE,
047,NAIROBI CITY,274,WESTLANDS,1368,KARURA,
047,NAIROBI CITY,274,WESTLANDS,1369,KANGEMI,
047,NAIROBI CITY,274,WESTLANDS,1370,MOUNTAIN VIEW,
047,NAIROBI CITY,275,DAGORETTI NORTH,1371,KILIMANI,
047,NAIROBI CITY,275,DAGORETTI NORTH,1372,KAWANGWARE,
047,NAIROBI CITY,275,DAGORETTI NORTH,1373,GATINA,
047,NAIROBI CITY,275,DAGORETTI NORTH,1374,KILELESHWA,
047,NAIROBI CITY,275,DAGORETTI NORTH,1375,KABIRO,
047,NAIROBI CITY,276,DAGORETTI SOUTH,1376,MUTU-INI,
047,NAIROBI CITY,276,DAGORETTI SOUTH,1377,NGANDO,
047,NAIROBI CITY,276,DAGORETTI SOUTH,1378,RIRUTA,
047,NAIROBI CITY,276,DAGORETTI SOUTH,1379,UTHIRU/RUTHIMITU,
047,NAIROBI CITY,276,DAGORETTI SOUTH,1380,WAITHAKA,
047,NAIROBI CITY,277,LANGATA,1381,KAREN,
047,NAIROBI CITY,277,LANGATA,1382,NAIROBI WEST,
047,NAIROBI CITY,277,LANGATA,1383,MUGUMU-INI,
047,NAIROBI CITY,277,LANGATA,1384,SOUTH C,
047,NAIROBI CITY,277,LANGATA,1385,NYAYO HIGHRISE,
047,NAIROBI CITY,278,KIBRA,1386,LAINI SABA,
047,NAIROBI CITY,278,KIBRA,1387,LINDI,
047,NAIROBI CITY,278,KIBRA,1388,MAKINA,
047,NAIROBI CITY,278,KIBRA,1389,WOODLEY/KENYATTA GOLF COURSE,
047,NAIROBI CITY,278,KIBRA,1390,SARANGOMBE,
047,NAIROBI CITY,279,ROYSAMBU,1391,GITHURAI,
047,NAIROBI CITY,279,ROYSAMBU,1392,KAHAWA WEST,
047,NAIROBI CITY,279,ROYSAMBU,1393,ZIMMERMAN,
047,NAIROBI CITY,279,ROYSAMBU,1394,ROYSAMBU,
047,NAIROBI CITY,279,ROYSAMBU,1395,KAHAWA,
047,NAIROBI CITY,280,KASARANI,1396,CLAY CITY,
047,NAIROBI CITY,280,KASARANI,1397,MWIKI,
047,NAIROBI CITY,280,KASARANI,1398,KASARANI,
047,NAIROBI CITY,280,KASARANI,1399,NJIRU,
047,NAIROBI CITY,280,KASARANI,1400,RUAI,
047,NAIROBI CITY,281,RUARAKA,1401,BABA DOGO,
047,NAIROBI CITY,281,RUARAKA,1402,UTALII,
047,NAIROBI CITY,281,RUARAKA,1403,MATHARE NORTH,
047,NAIROBI CITY,281,RUARAKA,1404,LUCKY SUMMER,
047,NAIROBI CITY,281,RUARAKA,1405,KOROGOCHO,
047,NAIROBI CITY,282,EMBAKASI SOUTH,1406,IMARA DAIMA,
047,NAIROBI CITY,282,EMBAKASI SOUTH,1407,KWA NJENGA,
047,NAIROBI CITY,282,EMBAKASI SOUTH,1408,KWA REUBEN,
047,NAIROBI CITY,282,EMBAKASI SOUTH,1409,PIPELINE,
047,NAIROBI CITY,282,EMBAKASI SOUTH,1410,KWARE,
047,NAIROBI CITY,283,EMBAKASI NORTH,1411,KARIOBANGI NORTH,
047,NAIROBI CITY,283,EMBAKASI NORTH,1412,DANDORA AREA I,
047,NAIROBI CITY,283,EMBAKASI NORTH,1413,DANDORA AREA II,
047,NAIROBI CITY,283,EMBAKASI NORTH,1414,DANDORA AREA III,
047,NAIROBI CITY,283,EMBAKASI NORTH,1415,DANDORA AREA IV,
047,NAIROBI CITY,284,EMBAKASI CENTRAL,1416,KAYOLE NORTH,
047,NAIROBI CITY,284,EMBAKASI CENTRAL,1417,KAYOLE CENTRAL,
047,NAIROBI CITY,284,EMBAKASI CENTRAL,1418,KAYOLE SOUTH,
047,NAIROBI CITY,284,EMBAKASI CENTRAL,1419,KOMAROCK,
047,NAIROBI CITY,284,EMBAKASI CENTRAL,1420,MATOPENI/SPRING VALLEY,
047,NAIROBI CITY,285,EMBAKASI EAST,1421,UPPER SAVANNAH,
047,NAIROBI CITY,285,EMBAKASI EAST,1422,LOWER SAVANNAH,
047,NAIROBI CITY,285,EMBAKASI EAST,1423,EMBAKASI,
047,NAIROBI CITY,285,EMBAKASI EAST,1424,UTAWALA,
047,NAIROBI CITY,285,EMBAKASI EAST,1425,MIHANGO,
047,NAIROBI CITY,286,EMBAKASI WEST,1426,UMOJA I,
047,NAIROBI CITY,286,EMBAKASI WEST,1427,UMOJA II,
047,NAIROBI CITY,286,EMBAKASI WEST,1428,MOWLEM,
047,NAIROBI CITY,286,EMBAKASI WEST,1429,KARIOBANGI SOUTH,
047,NAIROBI CITY,287,MAKADARA,1430,MARINGO/HAMZA,
047,NAIROBI CITY,287,MAKADARA,1431,VIWANDANI,
047,NAIROBI CITY,287,MAKADARA,1432,HARAMBEE,
047,NAIROBI CITY,287,MAKADARA,1433,MAKONGENI,
047,NAIROBI CITY,288,KAMUKUNJI,1434,PUMWANI,
047,NAIROBI CITY,288,KAMUKUNJI,1435,EASTLEIGH NORTH,
047,NAIROBI CITY,288,KAMUKUNJI,1436,EASTLEIGH SOUTH,
047,NAIROBI CITY,288,KAMUKUNJI,1437,AIRBASE,
047,NAIROBI CITY,288,KAMUKUNJI,1438,CALIFORNIA,
047,NAIROBI CITY,289,STAREHE,1439,NAIROBI CENTRAL,
047,NAIROBI CITY,289,STAREHE,1440,NGARA,
047,NAIROBI CITY,289,STAREHE,1441,PANGANI,
047,NAIROBI CITY,289,STAREHE,1442,ZIWANI/KARIOKOR,
047,NAIROBI CITY,289,STAREHE,1443,LANDIMAWE,
047,NAIROBI CITY,289,STAREHE,1444,NAIROBI SOUTH,
047,NAIROBI CITY,290,MATHARE,1445,HOSPITAL,
047,NAIROBI CITY,290,MATHARE,1446,MABATINI,
047,NAIROBI CITY,290,MATHARE,1447,HURUMA,
047,NAIROBI CITY,290,MATHARE,1448,NGEI,
047,NAIROBI CITY,290,MATHARE,1449,MLANGO KUBWA,
047,NAIROBI CITY,290,MATHARE,1450,KIAMAIKO,
